alias,canonical_name
# Manually-approved spelling merges: each line maps a source spelling (alias)
# to the single canonical rider name. Generate candidates with `bun run build:aliases`
# (writes out/alias_candidates.csv), review them, then add confirmed pairs here.
# Example:
# Grzegorz Walasek,Grzegorz Walasek

# fimspeedway spells Pontus Aspgren's surname with a stray "e"; the contributed
# 2020-2021 heats use the correct spelling, which also carries his 2019 history.
Pontus Aspegren,Pontus Aspgren
