season,round,date,name,venue,heat,phase,gate,rider,points,position,rank
2021,1,2021-07-16,I. runda FIM Speedway Grand Prix w Pradze,Pradze,1,main,,Artiom Łaguta,3,1,1
2021,1,2021-07-16,I. runda FIM Speedway Grand Prix w Pradze,Pradze,1,main,,Jason Doyle,2,2,2
2021,1,2021-07-16,I. runda FIM Speedway Grand Prix w Pradze,Pradze,1,main,,Matej Žagar,1,3,3
2021,1,2021-07-16,I. runda FIM Speedway Grand Prix w Pradze,Pradze,1,main,,Martin Vaculik,0,4,4
2021,1,2021-07-16,I. runda FIM Speedway Grand Prix w Pradze,Pradze,2,main,,Max Fricke,3,1,1
2021,1,2021-07-16,I. runda FIM Speedway Grand Prix w Pradze,Pradze,2,main,,Oliver Berntzon,2,2,2
2021,1,2021-07-16,I. runda FIM Speedway Grand Prix w Pradze,Pradze,2,main,,Jan Kvěch,1,3,3
2021,1,2021-07-16,I. runda FIM Speedway Grand Prix w Pradze,Pradze,2,main,,Fredrik Lindgren,0,x,4
2021,1,2021-07-16,I. runda FIM Speedway Grand Prix w Pradze,Pradze,3,main,,Maciej Janowski,3,1,1
2021,1,2021-07-16,I. runda FIM Speedway Grand Prix w Pradze,Pradze,3,main,,Emil Sajfutdinow,2,2,2
2021,1,2021-07-16,I. runda FIM Speedway Grand Prix w Pradze,Pradze,3,main,,Krzysztof Kasprzak,1,3,3
2021,1,2021-07-16,I. runda FIM Speedway Grand Prix w Pradze,Pradze,3,main,,Anders Thomsen,0,4,4
2021,1,2021-07-16,I. runda FIM Speedway Grand Prix w Pradze,Pradze,4,main,,Leon Madsen,3,1,1
2021,1,2021-07-16,I. runda FIM Speedway Grand Prix w Pradze,Pradze,4,main,,Tai Woffinden,2,2,2
2021,1,2021-07-16,I. runda FIM Speedway Grand Prix w Pradze,Pradze,4,main,,Bartosz Zmarzlik,1,3,3
2021,1,2021-07-16,I. runda FIM Speedway Grand Prix w Pradze,Pradze,4,main,,Robert Lambert,0,4,4
2021,1,2021-07-16,I. runda FIM Speedway Grand Prix w Pradze,Pradze,5,main,,Emil Sajfutdinow,3,1,1
2021,1,2021-07-16,I. runda FIM Speedway Grand Prix w Pradze,Pradze,5,main,,Bartosz Zmarzlik,2,2,2
2021,1,2021-07-16,I. runda FIM Speedway Grand Prix w Pradze,Pradze,5,main,,Artiom Łaguta,1,3,3
2021,1,2021-07-16,I. runda FIM Speedway Grand Prix w Pradze,Pradze,5,main,,Oliver Berntzon,0,4,4
2021,1,2021-07-16,I. runda FIM Speedway Grand Prix w Pradze,Pradze,6,main,,Tai Woffinden,3,1,1
2021,1,2021-07-16,I. runda FIM Speedway Grand Prix w Pradze,Pradze,6,main,,Jan Kvěch,2,2,2
2021,1,2021-07-16,I. runda FIM Speedway Grand Prix w Pradze,Pradze,6,main,,Krzysztof Kasprzak,0,x,3
2021,1,2021-07-16,I. runda FIM Speedway Grand Prix w Pradze,Pradze,6,main,,Daniel Klíma,1,3,4
2021,1,2021-07-16,I. runda FIM Speedway Grand Prix w Pradze,Pradze,6,main,,Jason Doyle,,t,5
2021,1,2021-07-16,I. runda FIM Speedway Grand Prix w Pradze,Pradze,7,main,,Leon Madsen,3,1,1
2021,1,2021-07-16,I. runda FIM Speedway Grand Prix w Pradze,Pradze,7,main,,Fredrik Lindgren,2,2,2
2021,1,2021-07-16,I. runda FIM Speedway Grand Prix w Pradze,Pradze,7,main,,Anders Thomsen,1,3,3
2021,1,2021-07-16,I. runda FIM Speedway Grand Prix w Pradze,Pradze,7,main,,Martin Vaculik,0,4,4
2021,1,2021-07-16,I. runda FIM Speedway Grand Prix w Pradze,Pradze,8,main,,Robert Lambert,3,1,1
2021,1,2021-07-16,I. runda FIM Speedway Grand Prix w Pradze,Pradze,8,main,,Matej Žagar,2,2,2
2021,1,2021-07-16,I. runda FIM Speedway Grand Prix w Pradze,Pradze,8,main,,Max Fricke,1,3,3
2021,1,2021-07-16,I. runda FIM Speedway Grand Prix w Pradze,Pradze,8,main,,Maciej Janowski,0,4,4
2021,1,2021-07-16,I. runda FIM Speedway Grand Prix w Pradze,Pradze,9,main,,Artiom Łaguta,3,1,1
2021,1,2021-07-16,I. runda FIM Speedway Grand Prix w Pradze,Pradze,9,main,,Robert Lambert,2,2,2
2021,1,2021-07-16,I. runda FIM Speedway Grand Prix w Pradze,Pradze,9,main,,Jan Kvěch,1,3,3
2021,1,2021-07-16,I. runda FIM Speedway Grand Prix w Pradze,Pradze,9,main,,Anders Thomsen,0,4,4
2021,1,2021-07-16,I. runda FIM Speedway Grand Prix w Pradze,Pradze,10,main,,Maciej Janowski,3,1,1
2021,1,2021-07-16,I. runda FIM Speedway Grand Prix w Pradze,Pradze,10,main,,Jason Doyle,2,2,2
2021,1,2021-07-16,I. runda FIM Speedway Grand Prix w Pradze,Pradze,10,main,,Leon Madsen,1,3,3
2021,1,2021-07-16,I. runda FIM Speedway Grand Prix w Pradze,Pradze,10,main,,Oliver Berntzon,0,d,4
2021,1,2021-07-16,I. runda FIM Speedway Grand Prix w Pradze,Pradze,11,main,,Martin Vaculik,3,1,1
2021,1,2021-07-16,I. runda FIM Speedway Grand Prix w Pradze,Pradze,11,main,,Emil Sajfutdinow,2,2,2
2021,1,2021-07-16,I. runda FIM Speedway Grand Prix w Pradze,Pradze,11,main,,Max Fricke,1,3,3
2021,1,2021-07-16,I. runda FIM Speedway Grand Prix w Pradze,Pradze,11,main,,Tai Woffinden,0,4,4
2021,1,2021-07-16,I. runda FIM Speedway Grand Prix w Pradze,Pradze,12,main,,Fredrik Lindgren,3,1,1
2021,1,2021-07-16,I. runda FIM Speedway Grand Prix w Pradze,Pradze,12,main,,Bartosz Zmarzlik,2,2,2
2021,1,2021-07-16,I. runda FIM Speedway Grand Prix w Pradze,Pradze,12,main,,Matej Žagar,1,3,3
2021,1,2021-07-16,I. runda FIM Speedway Grand Prix w Pradze,Pradze,12,main,,Krzysztof Kasprzak,0,4,4
2021,1,2021-07-16,I. runda FIM Speedway Grand Prix w Pradze,Pradze,13,main,,Fredrik Lindgren,3,1,1
2021,1,2021-07-16,I. runda FIM Speedway Grand Prix w Pradze,Pradze,13,main,,Maciej Janowski,2,2,2
2021,1,2021-07-16,I. runda FIM Speedway Grand Prix w Pradze,Pradze,13,main,,Tai Woffinden,1,3,3
2021,1,2021-07-16,I. runda FIM Speedway Grand Prix w Pradze,Pradze,13,main,,Artiom Łaguta,0,4,4
2021,1,2021-07-16,I. runda FIM Speedway Grand Prix w Pradze,Pradze,14,main,,Bartosz Zmarzlik,3,1,1
2021,1,2021-07-16,I. runda FIM Speedway Grand Prix w Pradze,Pradze,14,main,,Max Fricke,2,2,2
2021,1,2021-07-16,I. runda FIM Speedway Grand Prix w Pradze,Pradze,14,main,,Anders Thomsen,1,3,3
2021,1,2021-07-16,I. runda FIM Speedway Grand Prix w Pradze,Pradze,14,main,,Jason Doyle,0,4,4
2021,1,2021-07-16,I. runda FIM Speedway Grand Prix w Pradze,Pradze,15,main,,Martin Vaculik,3,1,1
2021,1,2021-07-16,I. runda FIM Speedway Grand Prix w Pradze,Pradze,15,main,,Robert Lambert,2,2,2
2021,1,2021-07-16,I. runda FIM Speedway Grand Prix w Pradze,Pradze,15,main,,Krzysztof Kasprzak,1,3,3
2021,1,2021-07-16,I. runda FIM Speedway Grand Prix w Pradze,Pradze,15,main,,Oliver Berntzon,0,4,4
2021,1,2021-07-16,I. runda FIM Speedway Grand Prix w Pradze,Pradze,16,main,,Matej Žagar,3,1,1
2021,1,2021-07-16,I. runda FIM Speedway Grand Prix w Pradze,Pradze,16,main,,Emil Sajfutdinow,2,2,2
2021,1,2021-07-16,I. runda FIM Speedway Grand Prix w Pradze,Pradze,16,main,,Leon Madsen,1,3,3
2021,1,2021-07-16,I. runda FIM Speedway Grand Prix w Pradze,Pradze,16,main,,Jan Kvěch,0,4,4
2021,1,2021-07-16,I. runda FIM Speedway Grand Prix w Pradze,Pradze,17,main,,Artiom Łaguta,3,1,1
2021,1,2021-07-16,I. runda FIM Speedway Grand Prix w Pradze,Pradze,17,main,,Max Fricke,2,2,2
2021,1,2021-07-16,I. runda FIM Speedway Grand Prix w Pradze,Pradze,17,main,,Leon Madsen,1,3,3
2021,1,2021-07-16,I. runda FIM Speedway Grand Prix w Pradze,Pradze,17,main,,Krzysztof Kasprzak,0,4,4
2021,1,2021-07-16,I. runda FIM Speedway Grand Prix w Pradze,Pradze,18,main,,Emil Sajfutdinow,3,1,1
2021,1,2021-07-16,I. runda FIM Speedway Grand Prix w Pradze,Pradze,18,main,,Fredrik Lindgren,2,2,2
2021,1,2021-07-16,I. runda FIM Speedway Grand Prix w Pradze,Pradze,18,main,,Jason Doyle,1,3,3
2021,1,2021-07-16,I. runda FIM Speedway Grand Prix w Pradze,Pradze,18,main,,Robert Lambert,0,4,4
2021,1,2021-07-16,I. runda FIM Speedway Grand Prix w Pradze,Pradze,19,main,,Maciej Janowski,3,1,1
2021,1,2021-07-16,I. runda FIM Speedway Grand Prix w Pradze,Pradze,19,main,,Martin Vaculik,2,2,2
2021,1,2021-07-16,I. runda FIM Speedway Grand Prix w Pradze,Pradze,19,main,,Bartosz Zmarzlik,1,3,3
2021,1,2021-07-16,I. runda FIM Speedway Grand Prix w Pradze,Pradze,19,main,,Jan Kvěch,0,4,4
2021,1,2021-07-16,I. runda FIM Speedway Grand Prix w Pradze,Pradze,20,main,,Tai Woffinden,3,1,1
2021,1,2021-07-16,I. runda FIM Speedway Grand Prix w Pradze,Pradze,20,main,,Anders Thomsen,2,2,2
2021,1,2021-07-16,I. runda FIM Speedway Grand Prix w Pradze,Pradze,20,main,,Oliver Berntzon,1,3,3
2021,1,2021-07-16,I. runda FIM Speedway Grand Prix w Pradze,Pradze,20,main,,Matej Žagar,0,4,4
2021,1,2021-07-16,I. runda FIM Speedway Grand Prix w Pradze,Pradze,21,semi,,Emil Sajfutdinow,3,1,1
2021,1,2021-07-16,I. runda FIM Speedway Grand Prix w Pradze,Pradze,21,semi,,Fredrik Lindgren,2,2,2
2021,1,2021-07-16,I. runda FIM Speedway Grand Prix w Pradze,Pradze,21,semi,,Bartosz Zmarzlik,1,3,3
2021,1,2021-07-16,I. runda FIM Speedway Grand Prix w Pradze,Pradze,21,semi,,Leon Madsen,0,4,4
2021,1,2021-07-16,I. runda FIM Speedway Grand Prix w Pradze,Pradze,22,semi,,Maciej Janowski,3,1,1
2021,1,2021-07-16,I. runda FIM Speedway Grand Prix w Pradze,Pradze,22,semi,,Tai Woffinden,2,2,2
2021,1,2021-07-16,I. runda FIM Speedway Grand Prix w Pradze,Pradze,22,semi,,Artiom Łaguta,1,3,3
2021,1,2021-07-16,I. runda FIM Speedway Grand Prix w Pradze,Pradze,22,semi,,Max Fricke,0,4,4
2021,1,2021-07-16,I. runda FIM Speedway Grand Prix w Pradze,Pradze,23,final,,Maciej Janowski,3,1,1
2021,1,2021-07-16,I. runda FIM Speedway Grand Prix w Pradze,Pradze,23,final,,Emil Sajfutdinow,2,2,2
2021,1,2021-07-16,I. runda FIM Speedway Grand Prix w Pradze,Pradze,23,final,,Tai Woffinden,1,3,3
2021,2,2021-07-18,II. runda FIM Speedway Grand Prix w Pradze,Pradze,1,main,,Martin Vaculik,3,1,1
2021,2,2021-07-18,II. runda FIM Speedway Grand Prix w Pradze,Pradze,1,main,,Fredrik Lindgren,2,2,2
2021,2,2021-07-18,II. runda FIM Speedway Grand Prix w Pradze,Pradze,1,main,,Robert Lambert,1,3,3
2021,2,2021-07-18,II. runda FIM Speedway Grand Prix w Pradze,Pradze,1,main,,Anders Thomsen,0,d,4
2021,2,2021-07-18,II. runda FIM Speedway Grand Prix w Pradze,Pradze,2,main,,Artiom Łaguta,3,1,1
2021,2,2021-07-18,II. runda FIM Speedway Grand Prix w Pradze,Pradze,2,main,,Leon Madsen,2,2,2
2021,2,2021-07-18,II. runda FIM Speedway Grand Prix w Pradze,Pradze,2,main,,Max Fricke,1,3,3
2021,2,2021-07-18,II. runda FIM Speedway Grand Prix w Pradze,Pradze,2,main,,Jan Kvěch,0,4,4
2021,2,2021-07-18,II. runda FIM Speedway Grand Prix w Pradze,Pradze,3,main,,Maciej Janowski,3,1,1
2021,2,2021-07-18,II. runda FIM Speedway Grand Prix w Pradze,Pradze,3,main,,Bartosz Zmarzlik,2,2,2
2021,2,2021-07-18,II. runda FIM Speedway Grand Prix w Pradze,Pradze,3,main,,Krzysztof Kasprzak,1,3,3
2021,2,2021-07-18,II. runda FIM Speedway Grand Prix w Pradze,Pradze,3,main,,Oliver Berntzon,0,4,4
2021,2,2021-07-18,II. runda FIM Speedway Grand Prix w Pradze,Pradze,4,main,,Jason Doyle,3,1,1
2021,2,2021-07-18,II. runda FIM Speedway Grand Prix w Pradze,Pradze,4,main,,Emil Sajfutdinow,2,2,2
2021,2,2021-07-18,II. runda FIM Speedway Grand Prix w Pradze,Pradze,4,main,,Matej Žagar,1,3,3
2021,2,2021-07-18,II. runda FIM Speedway Grand Prix w Pradze,Pradze,4,main,,Tai Woffinden,0,4,4
2021,2,2021-07-18,II. runda FIM Speedway Grand Prix w Pradze,Pradze,5,main,,Emil Sajfutdinow,3,1,1
2021,2,2021-07-18,II. runda FIM Speedway Grand Prix w Pradze,Pradze,5,main,,Max Fricke,2,2,2
2021,2,2021-07-18,II. runda FIM Speedway Grand Prix w Pradze,Pradze,5,main,,Robert Lambert,1,3,3
2021,2,2021-07-18,II. runda FIM Speedway Grand Prix w Pradze,Pradze,5,main,,Oliver Berntzon,0,4,4
2021,2,2021-07-18,II. runda FIM Speedway Grand Prix w Pradze,Pradze,6,main,,Maciej Janowski,3,1,1
2021,2,2021-07-18,II. runda FIM Speedway Grand Prix w Pradze,Pradze,6,main,,Tai Woffinden,2,2,2
2021,2,2021-07-18,II. runda FIM Speedway Grand Prix w Pradze,Pradze,6,main,,Jan Kvěch,1,3,3
2021,2,2021-07-18,II. runda FIM Speedway Grand Prix w Pradze,Pradze,6,main,,Fredrik Lindgren,0,4,4
2021,2,2021-07-18,II. runda FIM Speedway Grand Prix w Pradze,Pradze,7,main,,Artiom Łaguta,3,1,1
2021,2,2021-07-18,II. runda FIM Speedway Grand Prix w Pradze,Pradze,7,main,,Krzysztof Kasprzak,2,2,2
2021,2,2021-07-18,II. runda FIM Speedway Grand Prix w Pradze,Pradze,7,main,,Matej Žagar,1,3,3
2021,2,2021-07-18,II. runda FIM Speedway Grand Prix w Pradze,Pradze,7,main,,Martin Vaculik,0,4,4
2021,2,2021-07-18,II. runda FIM Speedway Grand Prix w Pradze,Pradze,8,main,,Bartosz Zmarzlik,3,1,1
2021,2,2021-07-18,II. runda FIM Speedway Grand Prix w Pradze,Pradze,8,main,,Anders Thomsen,2,2,2
2021,2,2021-07-18,II. runda FIM Speedway Grand Prix w Pradze,Pradze,8,main,,Jason Doyle,1,3,3
2021,2,2021-07-18,II. runda FIM Speedway Grand Prix w Pradze,Pradze,8,main,,Petr Chlupáč,0,4,4
2021,2,2021-07-18,II. runda FIM Speedway Grand Prix w Pradze,Pradze,8,main,,Leon Madsen,,t,5
2021,2,2021-07-18,II. runda FIM Speedway Grand Prix w Pradze,Pradze,9,main,,Jason Doyle,3,1,1
2021,2,2021-07-18,II. runda FIM Speedway Grand Prix w Pradze,Pradze,9,main,,Jan Kvěch,2,2,2
2021,2,2021-07-18,II. runda FIM Speedway Grand Prix w Pradze,Pradze,9,main,,Robert Lambert,1,3,3
2021,2,2021-07-18,II. runda FIM Speedway Grand Prix w Pradze,Pradze,9,main,,Krzysztof Kasprzak,0,4,4
2021,2,2021-07-18,II. runda FIM Speedway Grand Prix w Pradze,Pradze,10,main,,Bartosz Zmarzlik,3,1,1
2021,2,2021-07-18,II. runda FIM Speedway Grand Prix w Pradze,Pradze,10,main,,Fredrik Lindgren,2,2,2
2021,2,2021-07-18,II. runda FIM Speedway Grand Prix w Pradze,Pradze,10,main,,Max Fricke,1,3,3
2021,2,2021-07-18,II. runda FIM Speedway Grand Prix w Pradze,Pradze,10,main,,Matej Žagar,0,4,4
2021,2,2021-07-18,II. runda FIM Speedway Grand Prix w Pradze,Pradze,11,main,,Leon Madsen,3,1,1
2021,2,2021-07-18,II. runda FIM Speedway Grand Prix w Pradze,Pradze,11,main,,Martin Vaculik,2,2,2
2021,2,2021-07-18,II. runda FIM Speedway Grand Prix w Pradze,Pradze,11,main,,Tai Woffinden,1,3,3
2021,2,2021-07-18,II. runda FIM Speedway Grand Prix w Pradze,Pradze,11,main,,Oliver Berntzon,0,4,4
2021,2,2021-07-18,II. runda FIM Speedway Grand Prix w Pradze,Pradze,12,main,,Anders Thomsen,3,1,1
2021,2,2021-07-18,II. runda FIM Speedway Grand Prix w Pradze,Pradze,12,main,,Emil Sajfutdinow,2,2,2
2021,2,2021-07-18,II. runda FIM Speedway Grand Prix w Pradze,Pradze,12,main,,Artiom Łaguta,1,3,3
2021,2,2021-07-18,II. runda FIM Speedway Grand Prix w Pradze,Pradze,12,main,,Maciej Janowski,0,4,4
2021,2,2021-07-18,II. runda FIM Speedway Grand Prix w Pradze,Pradze,13,main,,Artiom Łaguta,3,1,1
2021,2,2021-07-18,II. runda FIM Speedway Grand Prix w Pradze,Pradze,13,main,,Bartosz Zmarzlik,2,2,2
2021,2,2021-07-18,II. runda FIM Speedway Grand Prix w Pradze,Pradze,13,main,,Tai Woffinden,1,3,3
2021,2,2021-07-18,II. runda FIM Speedway Grand Prix w Pradze,Pradze,13,main,,Robert Lambert,0,4,4
2021,2,2021-07-18,II. runda FIM Speedway Grand Prix w Pradze,Pradze,14,main,,Emil Sajfutdinow,3,1,1
2021,2,2021-07-18,II. runda FIM Speedway Grand Prix w Pradze,Pradze,14,main,,Fredrik Lindgren,2,2,2
2021,2,2021-07-18,II. runda FIM Speedway Grand Prix w Pradze,Pradze,14,main,,Leon Madsen,1,3,3
2021,2,2021-07-18,II. runda FIM Speedway Grand Prix w Pradze,Pradze,14,main,,Krzysztof Kasprzak,0,4,4
2021,2,2021-07-18,II. runda FIM Speedway Grand Prix w Pradze,Pradze,15,main,,Martin Vaculik,3,1,1
2021,2,2021-07-18,II. runda FIM Speedway Grand Prix w Pradze,Pradze,15,main,,Jason Doyle,2,2,2
2021,2,2021-07-18,II. runda FIM Speedway Grand Prix w Pradze,Pradze,15,main,,Maciej Janowski,1,3,3
2021,2,2021-07-18,II. runda FIM Speedway Grand Prix w Pradze,Pradze,15,main,,Max Fricke,0,4,4
2021,2,2021-07-18,II. runda FIM Speedway Grand Prix w Pradze,Pradze,16,main,,Anders Thomsen,3,1,1
2021,2,2021-07-18,II. runda FIM Speedway Grand Prix w Pradze,Pradze,16,main,,Oliver Berntzon,2,2,2
2021,2,2021-07-18,II. runda FIM Speedway Grand Prix w Pradze,Pradze,16,main,,Matej Žagar,1,3,3
2021,2,2021-07-18,II. runda FIM Speedway Grand Prix w Pradze,Pradze,16,main,,Jan Kvěch,0,4,4
2021,2,2021-07-18,II. runda FIM Speedway Grand Prix w Pradze,Pradze,17,main,,Maciej Janowski,3,1,1
2021,2,2021-07-18,II. runda FIM Speedway Grand Prix w Pradze,Pradze,17,main,,Matej Žagar,2,2,2
2021,2,2021-07-18,II. runda FIM Speedway Grand Prix w Pradze,Pradze,17,main,,Leon Madsen,1,3,3
2021,2,2021-07-18,II. runda FIM Speedway Grand Prix w Pradze,Pradze,17,main,,Robert Lambert,0,4,4
2021,2,2021-07-18,II. runda FIM Speedway Grand Prix w Pradze,Pradze,18,main,,Artiom Łaguta,3,1,1
2021,2,2021-07-18,II. runda FIM Speedway Grand Prix w Pradze,Pradze,18,main,,Fredrik Lindgren,2,2,2
2021,2,2021-07-18,II. runda FIM Speedway Grand Prix w Pradze,Pradze,18,main,,Jason Doyle,1,3,3
2021,2,2021-07-18,II. runda FIM Speedway Grand Prix w Pradze,Pradze,18,main,,Oliver Berntzon,0,4,4
2021,2,2021-07-18,II. runda FIM Speedway Grand Prix w Pradze,Pradze,19,main,,Bartosz Zmarzlik,3,1,1
2021,2,2021-07-18,II. runda FIM Speedway Grand Prix w Pradze,Pradze,19,main,,Martin Vaculik,2,2,2
2021,2,2021-07-18,II. runda FIM Speedway Grand Prix w Pradze,Pradze,19,main,,Emil Sajfutdinow,1,3,3
2021,2,2021-07-18,II. runda FIM Speedway Grand Prix w Pradze,Pradze,19,main,,Jan Kvěch,0,4,4
2021,2,2021-07-18,II. runda FIM Speedway Grand Prix w Pradze,Pradze,20,main,,Tai Woffinden,3,1,1
2021,2,2021-07-18,II. runda FIM Speedway Grand Prix w Pradze,Pradze,20,main,,Max Fricke,2,2,2
2021,2,2021-07-18,II. runda FIM Speedway Grand Prix w Pradze,Pradze,20,main,,Krzysztof Kasprzak,1,3,3
2021,2,2021-07-18,II. runda FIM Speedway Grand Prix w Pradze,Pradze,20,main,,Anders Thomsen,0,x,4
2021,2,2021-07-18,II. runda FIM Speedway Grand Prix w Pradze,Pradze,21,semi,,Maciej Janowski,3,1,1
2021,2,2021-07-18,II. runda FIM Speedway Grand Prix w Pradze,Pradze,21,semi,,Artiom Łaguta,2,2,2
2021,2,2021-07-18,II. runda FIM Speedway Grand Prix w Pradze,Pradze,21,semi,,Jason Doyle,1,3,3
2021,2,2021-07-18,II. runda FIM Speedway Grand Prix w Pradze,Pradze,21,semi,,Anders Thomsen,0,4,4
2021,2,2021-07-18,II. runda FIM Speedway Grand Prix w Pradze,Pradze,22,semi,,Emil Sajfutdinow,3,1,1
2021,2,2021-07-18,II. runda FIM Speedway Grand Prix w Pradze,Pradze,22,semi,,Fredrik Lindgren,2,2,2
2021,2,2021-07-18,II. runda FIM Speedway Grand Prix w Pradze,Pradze,22,semi,,Bartosz Zmarzlik,1,3,3
2021,2,2021-07-18,II. runda FIM Speedway Grand Prix w Pradze,Pradze,22,semi,,Martin Vaculik,0,4,4
2021,2,2021-07-18,II. runda FIM Speedway Grand Prix w Pradze,Pradze,23,final,,Artiom Łaguta,3,1,1
2021,2,2021-07-18,II. runda FIM Speedway Grand Prix w Pradze,Pradze,23,final,,Maciej Janowski,2,2,2
2021,2,2021-07-18,II. runda FIM Speedway Grand Prix w Pradze,Pradze,23,final,,Fredrik Lindgren,1,3,3
2021,2,2021-07-18,II. runda FIM Speedway Grand Prix w Pradze,Pradze,23,final,,Emil Sajfutdinow,0,4,4
2021,3,2021-07-30,Grand Prix Polski we Wrocławiu,,1,main,,Leon Madsen,3,1,1
2021,3,2021-07-30,Grand Prix Polski we Wrocławiu,,1,main,,Tai Woffinden,2,2,2
2021,3,2021-07-30,Grand Prix Polski we Wrocławiu,,1,main,,Jason Doyle,1,3,3
2021,3,2021-07-30,Grand Prix Polski we Wrocławiu,,1,main,,Tobiasz Musielak,0,4,4
2021,3,2021-07-30,Grand Prix Polski we Wrocławiu,,1,main,,Krzysztof Kasprzak,,t,5
2021,3,2021-07-30,Grand Prix Polski we Wrocławiu,,2,main,,Robert Lambert,3,1,1
2021,3,2021-07-30,Grand Prix Polski we Wrocławiu,,2,main,,Matej Žagar,2,2,2
2021,3,2021-07-30,Grand Prix Polski we Wrocławiu,,2,main,,Anders Thomsen,1,3,3
2021,3,2021-07-30,Grand Prix Polski we Wrocławiu,,2,main,,Oliver Berntzon,0,4,4
2021,3,2021-07-30,Grand Prix Polski we Wrocławiu,,3,main,,Artiom Łaguta,3,1,1
2021,3,2021-07-30,Grand Prix Polski we Wrocławiu,,3,main,,Maciej Janowski,2,2,2
2021,3,2021-07-30,Grand Prix Polski we Wrocławiu,,3,main,,Gleb Chugunov,1,3,3
2021,3,2021-07-30,Grand Prix Polski we Wrocławiu,,3,main,,Martin Vaculik,0,4,4
2021,3,2021-07-30,Grand Prix Polski we Wrocławiu,,4,main,,Bartosz Zmarzlik,3,1,1
2021,3,2021-07-30,Grand Prix Polski we Wrocławiu,,4,main,,Fredrik Lindgren,2,2,2
2021,3,2021-07-30,Grand Prix Polski we Wrocławiu,,4,main,,Emil Sajfutdinow,1,3,3
2021,3,2021-07-30,Grand Prix Polski we Wrocławiu,,4,main,,Max Fricke,0,4,4
2021,3,2021-07-30,Grand Prix Polski we Wrocławiu,,5,main,,Leon Madsen,3,1,1
2021,3,2021-07-30,Grand Prix Polski we Wrocławiu,,5,main,,Gleb Chugunov,2,2,2
2021,3,2021-07-30,Grand Prix Polski we Wrocławiu,,5,main,,Emil Sajfutdinow,1,3,3
2021,3,2021-07-30,Grand Prix Polski we Wrocławiu,,5,main,,Oliver Berntzon,0,4,4
2021,3,2021-07-30,Grand Prix Polski we Wrocławiu,,6,main,,Robert Lambert,3,1,1
2021,3,2021-07-30,Grand Prix Polski we Wrocławiu,,6,main,,Bartosz Zmarzlik,2,2,2
2021,3,2021-07-30,Grand Prix Polski we Wrocławiu,,6,main,,Maciej Janowski,1,3,3
2021,3,2021-07-30,Grand Prix Polski we Wrocławiu,,6,main,,Tai Woffinden,0,4,4
2021,3,2021-07-30,Grand Prix Polski we Wrocławiu,,7,main,,Artiom Łaguta,3,1,1
2021,3,2021-07-30,Grand Prix Polski we Wrocławiu,,7,main,,Anders Thomsen,2,2,2
2021,3,2021-07-30,Grand Prix Polski we Wrocławiu,,7,main,,Jason Doyle,1,3,3
2021,3,2021-07-30,Grand Prix Polski we Wrocławiu,,7,main,,Fredrik Lindgren,0,4,4
2021,3,2021-07-30,Grand Prix Polski we Wrocławiu,,8,main,,Martin Vaculik,3,1,1
2021,3,2021-07-30,Grand Prix Polski we Wrocławiu,,8,main,,Max Fricke,2,2,2
2021,3,2021-07-30,Grand Prix Polski we Wrocławiu,,8,main,,Matej Žagar,1,3,3
2021,3,2021-07-30,Grand Prix Polski we Wrocławiu,,8,main,,Krzysztof Kasprzak,0,4,4
2021,3,2021-07-30,Grand Prix Polski we Wrocławiu,,9,main,,Leon Madsen,3,1,1
2021,3,2021-07-30,Grand Prix Polski we Wrocławiu,,9,main,,Artiom Łaguta,2,2,2
2021,3,2021-07-30,Grand Prix Polski we Wrocławiu,,9,main,,Robert Lambert,1,3,3
2021,3,2021-07-30,Grand Prix Polski we Wrocławiu,,9,main,,Max Fricke,0,4,4
2021,3,2021-07-30,Grand Prix Polski we Wrocławiu,,10,main,,Martin Vaculik,3,1,1
2021,3,2021-07-30,Grand Prix Polski we Wrocławiu,,10,main,,Fredrik Lindgren,2,2,2
2021,3,2021-07-30,Grand Prix Polski we Wrocławiu,,10,main,,Tai Woffinden,1,3,3
2021,3,2021-07-30,Grand Prix Polski we Wrocławiu,,10,main,,Oliver Berntzon,0,4,4
2021,3,2021-07-30,Grand Prix Polski we Wrocławiu,,11,main,,Bartosz Zmarzlik,3,1,1
2021,3,2021-07-30,Grand Prix Polski we Wrocławiu,,11,main,,Jason Doyle,2,2,2
2021,3,2021-07-30,Grand Prix Polski we Wrocławiu,,11,main,,Matej Žagar,1,3,3
2021,3,2021-07-30,Grand Prix Polski we Wrocławiu,,11,main,,Gleb Chugunov,0,4,4
2021,3,2021-07-30,Grand Prix Polski we Wrocławiu,,12,main,,Emil Sajfutdinow,3,1,1
2021,3,2021-07-30,Grand Prix Polski we Wrocławiu,,12,main,,Maciej Janowski,2,2,2
2021,3,2021-07-30,Grand Prix Polski we Wrocławiu,,12,main,,Anders Thomsen,1,3,3
2021,3,2021-07-30,Grand Prix Polski we Wrocławiu,,12,main,,Krzysztof Kasprzak,0,4,4
2021,3,2021-07-30,Grand Prix Polski we Wrocławiu,,13,main,,Bartosz Zmarzlik,3,1,1
2021,3,2021-07-30,Grand Prix Polski we Wrocławiu,,13,main,,Leon Madsen,2,2,2
2021,3,2021-07-30,Grand Prix Polski we Wrocławiu,,13,main,,Martin Vaculik,1,3,3
2021,3,2021-07-30,Grand Prix Polski we Wrocławiu,,13,main,,Anders Thomsen,0,4,4
2021,3,2021-07-30,Grand Prix Polski we Wrocławiu,,14,main,,Emil Sajfutdinow,3,1,1
2021,3,2021-07-30,Grand Prix Polski we Wrocławiu,,14,main,,Artiom Łaguta,2,2,2
2021,3,2021-07-30,Grand Prix Polski we Wrocławiu,,14,main,,Tai Woffinden,1,3,3
2021,3,2021-07-30,Grand Prix Polski we Wrocławiu,,14,main,,Matej Žagar,0,4,4
2021,3,2021-07-30,Grand Prix Polski we Wrocławiu,,15,main,,Maciej Janowski,3,1,1
2021,3,2021-07-30,Grand Prix Polski we Wrocławiu,,15,main,,Max Fricke,2,2,2
2021,3,2021-07-30,Grand Prix Polski we Wrocławiu,,15,main,,Jason Doyle,1,3,3
2021,3,2021-07-30,Grand Prix Polski we Wrocławiu,,15,main,,Oliver Berntzon,0,4,4
2021,3,2021-07-30,Grand Prix Polski we Wrocławiu,,16,main,,Robert Lambert,3,1,1
2021,3,2021-07-30,Grand Prix Polski we Wrocławiu,,16,main,,Fredrik Lindgren,2,2,2
2021,3,2021-07-30,Grand Prix Polski we Wrocławiu,,16,main,,Gleb Chugunov,1,3,3
2021,3,2021-07-30,Grand Prix Polski we Wrocławiu,,16,main,,Krzysztof Kasprzak,0,d,4
2021,3,2021-07-30,Grand Prix Polski we Wrocławiu,,17,main,,Leon Madsen,3,1,1
2021,3,2021-07-30,Grand Prix Polski we Wrocławiu,,17,main,,Fredrik Lindgren,2,2,2
2021,3,2021-07-30,Grand Prix Polski we Wrocławiu,,17,main,,Maciej Janowski,1,3,3
2021,3,2021-07-30,Grand Prix Polski we Wrocławiu,,17,main,,Matej Žagar,0,4,4
2021,3,2021-07-30,Grand Prix Polski we Wrocławiu,,18,main,,Anders Thomsen,3,1,1
2021,3,2021-07-30,Grand Prix Polski we Wrocławiu,,18,main,,Max Fricke,2,2,2
2021,3,2021-07-30,Grand Prix Polski we Wrocławiu,,18,main,,Tai Woffinden,1,3,3
2021,3,2021-07-30,Grand Prix Polski we Wrocławiu,,18,main,,Gleb Chugunov,0,4,4
2021,3,2021-07-30,Grand Prix Polski we Wrocławiu,,19,main,,Martin Vaculik,3,1,1
2021,3,2021-07-30,Grand Prix Polski we Wrocławiu,,19,main,,Emil Sajfutdinow,2,2,2
2021,3,2021-07-30,Grand Prix Polski we Wrocławiu,,19,main,,Robert Lambert,1,3,3
2021,3,2021-07-30,Grand Prix Polski we Wrocławiu,,19,main,,Jason Doyle,0,4,4
2021,3,2021-07-30,Grand Prix Polski we Wrocławiu,,20,main,,Artiom Łaguta,3,1,1
2021,3,2021-07-30,Grand Prix Polski we Wrocławiu,,20,main,,Bartosz Zmarzlik,2,2,2
2021,3,2021-07-30,Grand Prix Polski we Wrocławiu,,20,main,,Oliver Berntzon,1,3,3
2021,3,2021-07-30,Grand Prix Polski we Wrocławiu,,20,main,,Krzysztof Kasprzak,0,4,4
2021,3,2021-07-30,Grand Prix Polski we Wrocławiu,,21,semi,,Maciej Janowski,3,1,1
2021,3,2021-07-30,Grand Prix Polski we Wrocławiu,,21,semi,,Emil Sajfutdinow,2,2,2
2021,3,2021-07-30,Grand Prix Polski we Wrocławiu,,21,semi,,Leon Madsen,0,x,3
2021,3,2021-07-30,Grand Prix Polski we Wrocławiu,,22,semi,,Artiom Łaguta,3,1,1
2021,3,2021-07-30,Grand Prix Polski we Wrocławiu,,22,semi,,Bartosz Zmarzlik,2,2,2
2021,3,2021-07-30,Grand Prix Polski we Wrocławiu,,22,semi,,Fredrik Lindgren,1,3,3
2021,3,2021-07-30,Grand Prix Polski we Wrocławiu,,22,semi,,Martin Vaculik,0,4,4
2021,3,2021-07-30,Grand Prix Polski we Wrocławiu,,23,final,,Bartosz Zmarzlik,3,1,1
2021,3,2021-07-30,Grand Prix Polski we Wrocławiu,,23,final,,Maciej Janowski,2,2,2
2021,3,2021-07-30,Grand Prix Polski we Wrocławiu,,23,final,,Artiom Łaguta,1,3,3
2021,3,2021-07-30,Grand Prix Polski we Wrocławiu,,23,final,,Emil Sajfutdinow,0,x,4
2021,4,2021-07-31,Grand Prix Polski we Wrocławiu,,1,main,,Tai Woffinden,3,1,1
2021,4,2021-07-31,Grand Prix Polski we Wrocławiu,,1,main,,Bartosz Zmarzlik,2,2,2
2021,4,2021-07-31,Grand Prix Polski we Wrocławiu,,1,main,,Max Fricke,1,3,3
2021,4,2021-07-31,Grand Prix Polski we Wrocławiu,,1,main,,Fredrik Lindgren,0,4,4
2021,4,2021-07-31,Grand Prix Polski we Wrocławiu,,2,main,,Martin Vaculik,3,1,1
2021,4,2021-07-31,Grand Prix Polski we Wrocławiu,,2,main,,Jason Doyle,2,2,2
2021,4,2021-07-31,Grand Prix Polski we Wrocławiu,,2,main,,Emil Sajfutdinow,1,3,3
2021,4,2021-07-31,Grand Prix Polski we Wrocławiu,,2,main,,Krzysztof Kasprzak,0,4,4
2021,4,2021-07-31,Grand Prix Polski we Wrocławiu,,3,main,,Artiom Łaguta,3,1,1
2021,4,2021-07-31,Grand Prix Polski we Wrocławiu,,3,main,,Leon Madsen,2,2,2
2021,4,2021-07-31,Grand Prix Polski we Wrocławiu,,3,main,,Gleb Chugunov,1,3,3
2021,4,2021-07-31,Grand Prix Polski we Wrocławiu,,3,main,,Anders Thomsen,0,4,4
2021,4,2021-07-31,Grand Prix Polski we Wrocławiu,,4,main,,Maciej Janowski,3,1,1
2021,4,2021-07-31,Grand Prix Polski we Wrocławiu,,4,main,,Oliver Berntzon,2,2,2
2021,4,2021-07-31,Grand Prix Polski we Wrocławiu,,4,main,,Robert Lambert,1,3,3
2021,4,2021-07-31,Grand Prix Polski we Wrocławiu,,4,main,,Matej Žagar,0,4,4
2021,4,2021-07-31,Grand Prix Polski we Wrocławiu,,5,main,,Tai Woffinden,3,1,1
2021,4,2021-07-31,Grand Prix Polski we Wrocławiu,,5,main,,Matej Žagar,2,2,2
2021,4,2021-07-31,Grand Prix Polski we Wrocławiu,,5,main,,Martin Vaculik,1,3,3
2021,4,2021-07-31,Grand Prix Polski we Wrocławiu,,5,main,,Gleb Chugunov,0,4,4
2021,4,2021-07-31,Grand Prix Polski we Wrocławiu,,6,main,,Fredrik Lindgren,3,1,1
2021,4,2021-07-31,Grand Prix Polski we Wrocławiu,,6,main,,Artiom Łaguta,2,2,2
2021,4,2021-07-31,Grand Prix Polski we Wrocławiu,,6,main,,Oliver Berntzon,1,3,3
2021,4,2021-07-31,Grand Prix Polski we Wrocławiu,,6,main,,Krzysztof Kasprzak,0,4,4
2021,4,2021-07-31,Grand Prix Polski we Wrocławiu,,7,main,,Emil Sajfutdinow,3,1,1
2021,4,2021-07-31,Grand Prix Polski we Wrocławiu,,7,main,,Leon Madsen,2,2,2
2021,4,2021-07-31,Grand Prix Polski we Wrocławiu,,7,main,,Maciej Janowski,1,3,3
2021,4,2021-07-31,Grand Prix Polski we Wrocławiu,,7,main,,Max Fricke,0,4,4
2021,4,2021-07-31,Grand Prix Polski we Wrocławiu,,8,main,,Robert Lambert,3,1,1
2021,4,2021-07-31,Grand Prix Polski we Wrocławiu,,8,main,,Bartosz Zmarzlik,2,2,2
2021,4,2021-07-31,Grand Prix Polski we Wrocławiu,,8,main,,Jason Doyle,1,3,3
2021,4,2021-07-31,Grand Prix Polski we Wrocławiu,,8,main,,Anders Thomsen,0,4,4
2021,4,2021-07-31,Grand Prix Polski we Wrocławiu,,9,main,,Tai Woffinden,3,1,1
2021,4,2021-07-31,Grand Prix Polski we Wrocławiu,,9,main,,Leon Madsen,2,2,2
2021,4,2021-07-31,Grand Prix Polski we Wrocławiu,,9,main,,Robert Lambert,1,3,3
2021,4,2021-07-31,Grand Prix Polski we Wrocławiu,,9,main,,Krzysztof Kasprzak,0,4,4
2021,4,2021-07-31,Grand Prix Polski we Wrocławiu,,10,main,,Maciej Janowski,3,1,1
2021,4,2021-07-31,Grand Prix Polski we Wrocławiu,,10,main,,Fredrik Lindgren,2,2,2
2021,4,2021-07-31,Grand Prix Polski we Wrocławiu,,10,main,,Anders Thomsen,1,3,3
2021,4,2021-07-31,Grand Prix Polski we Wrocławiu,,10,main,,Martin Vaculik,0,4,4
2021,4,2021-07-31,Grand Prix Polski we Wrocławiu,,11,main,,Max Fricke,3,1,1
2021,4,2021-07-31,Grand Prix Polski we Wrocławiu,,11,main,,Jason Doyle,2,2,2
2021,4,2021-07-31,Grand Prix Polski we Wrocławiu,,11,main,,Gleb Chugunov,1,3,3
2021,4,2021-07-31,Grand Prix Polski we Wrocławiu,,11,main,,Oliver Berntzon,0,4,4
2021,4,2021-07-31,Grand Prix Polski we Wrocławiu,,12,main,,Artiom Łaguta,3,1,1
2021,4,2021-07-31,Grand Prix Polski we Wrocławiu,,12,main,,Bartosz Zmarzlik,2,2,2
2021,4,2021-07-31,Grand Prix Polski we Wrocławiu,,12,main,,Matej Žagar,1,3,3
2021,4,2021-07-31,Grand Prix Polski we Wrocławiu,,12,main,,Emil Sajfutdinow,0,4,4
2021,4,2021-07-31,Grand Prix Polski we Wrocławiu,,13,main,,Emil Sajfutdinow,3,1,1
2021,4,2021-07-31,Grand Prix Polski we Wrocławiu,,13,main,,Tai Woffinden,2,2,2
2021,4,2021-07-31,Grand Prix Polski we Wrocławiu,,13,main,,Oliver Berntzon,1,3,3
2021,4,2021-07-31,Grand Prix Polski we Wrocławiu,,13,main,,Anders Thomsen,0,4,4
2021,4,2021-07-31,Grand Prix Polski we Wrocławiu,,14,main,,Leon Madsen,3,1,1
2021,4,2021-07-31,Grand Prix Polski we Wrocławiu,,14,main,,Jason Doyle,2,2,2
2021,4,2021-07-31,Grand Prix Polski we Wrocławiu,,14,main,,Fredrik Lindgren,1,3,3
2021,4,2021-07-31,Grand Prix Polski we Wrocławiu,,14,main,,Matej Žagar,0,4,4
2021,4,2021-07-31,Grand Prix Polski we Wrocławiu,,15,main,,Artiom Łaguta,3,1,1
2021,4,2021-07-31,Grand Prix Polski we Wrocławiu,,15,main,,Robert Lambert,2,2,2
2021,4,2021-07-31,Grand Prix Polski we Wrocławiu,,15,main,,Max Fricke,1,3,3
2021,4,2021-07-31,Grand Prix Polski we Wrocławiu,,15,main,,Martin Vaculik,0,4,4
2021,4,2021-07-31,Grand Prix Polski we Wrocławiu,,16,main,,Bartosz Zmarzlik,3,1,1
2021,4,2021-07-31,Grand Prix Polski we Wrocławiu,,16,main,,Maciej Janowski,2,2,2
2021,4,2021-07-31,Grand Prix Polski we Wrocławiu,,16,main,,Krzysztof Kasprzak,1,3,3
2021,4,2021-07-31,Grand Prix Polski we Wrocławiu,,16,main,,Gleb Chugunov,0,d,4
2021,4,2021-07-31,Grand Prix Polski we Wrocławiu,,17,main,,Tai Woffinden,3,1,1
2021,4,2021-07-31,Grand Prix Polski we Wrocławiu,,17,main,,Artiom Łaguta,2,2,2
2021,4,2021-07-31,Grand Prix Polski we Wrocławiu,,17,main,,Maciej Janowski,1,3,3
2021,4,2021-07-31,Grand Prix Polski we Wrocławiu,,17,main,,Bartlomiej Kowalski,0,4,4
2021,4,2021-07-31,Grand Prix Polski we Wrocławiu,,17,main,,Tobiasz Musielak,,t,5
2021,4,2021-07-31,Grand Prix Polski we Wrocławiu,,18,main,,Gleb Chugunov,3,1,1
2021,4,2021-07-31,Grand Prix Polski we Wrocławiu,,18,main,,Robert Lambert,2,2,2
2021,4,2021-07-31,Grand Prix Polski we Wrocławiu,,18,main,,Fredrik Lindgren,1,3,3
2021,4,2021-07-31,Grand Prix Polski we Wrocławiu,,18,main,,Emil Sajfutdinow,0,4,4
2021,4,2021-07-31,Grand Prix Polski we Wrocławiu,,19,main,,Anders Thomsen,3,1,1
2021,4,2021-07-31,Grand Prix Polski we Wrocławiu,,19,main,,Max Fricke,2,2,2
2021,4,2021-07-31,Grand Prix Polski we Wrocławiu,,19,main,,Matej Žagar,1,3,3
2021,4,2021-07-31,Grand Prix Polski we Wrocławiu,,19,main,,Krzysztof Kasprzak,0,4,4
2021,4,2021-07-31,Grand Prix Polski we Wrocławiu,,20,main,,Bartosz Zmarzlik,3,1,1
2021,4,2021-07-31,Grand Prix Polski we Wrocławiu,,20,main,,Leon Madsen,2,2,2
2021,4,2021-07-31,Grand Prix Polski we Wrocławiu,,20,main,,Martin Vaculik,1,3,3
2021,4,2021-07-31,Grand Prix Polski we Wrocławiu,,20,main,,Oliver Berntzon,0,4,4
2021,4,2021-07-31,Grand Prix Polski we Wrocławiu,,21,semi,,Leon Madsen,3,1,1
2021,4,2021-07-31,Grand Prix Polski we Wrocławiu,,21,semi,,Tai Woffinden,2,2,2
2021,4,2021-07-31,Grand Prix Polski we Wrocławiu,,21,semi,,Emil Sajfutdinow,1,3,3
2021,4,2021-07-31,Grand Prix Polski we Wrocławiu,,21,semi,,Robert Lambert,0,4,4
2021,4,2021-07-31,Grand Prix Polski we Wrocławiu,,22,semi,,Bartosz Zmarzlik,3,1,1
2021,4,2021-07-31,Grand Prix Polski we Wrocławiu,,22,semi,,Artiom Łaguta,2,2,2
2021,4,2021-07-31,Grand Prix Polski we Wrocławiu,,22,semi,,Max Fricke,1,3,3
2021,4,2021-07-31,Grand Prix Polski we Wrocławiu,,22,semi,,Maciej Janowski,0,4,4
2021,4,2021-07-31,Grand Prix Polski we Wrocławiu,,23,final,,Bartosz Zmarzlik,3,1,1
2021,4,2021-07-31,Grand Prix Polski we Wrocławiu,,23,final,,Artiom Łaguta,2,2,2
2021,4,2021-07-31,Grand Prix Polski we Wrocławiu,,23,final,,Leon Madsen,1,3,3
2021,4,2021-07-31,Grand Prix Polski we Wrocławiu,,23,final,,Tai Woffinden,0,4,4
2021,5,2021-08-06,Grand Prix Polski w Lublinie,Lublinie,1,main,,Tai Woffinden,3,1,1
2021,5,2021-08-06,Grand Prix Polski w Lublinie,Lublinie,1,main,,Fredrik Lindgren,2,2,2
2021,5,2021-08-06,Grand Prix Polski w Lublinie,Lublinie,1,main,,Maciej Janowski,1,3,3
2021,5,2021-08-06,Grand Prix Polski w Lublinie,Lublinie,1,main,,Emil Sajfutdinow,0,4,4
2021,5,2021-08-06,Grand Prix Polski w Lublinie,Lublinie,2,main,,Bartosz Zmarzlik,3,1,1
2021,5,2021-08-06,Grand Prix Polski w Lublinie,Lublinie,2,main,,Martin Vaculik,2,2,2
2021,5,2021-08-06,Grand Prix Polski w Lublinie,Lublinie,2,main,,Max Fricke,1,3,3
2021,5,2021-08-06,Grand Prix Polski w Lublinie,Lublinie,2,main,,Oliver Berntzon,0,4,4
2021,5,2021-08-06,Grand Prix Polski w Lublinie,Lublinie,3,main,,Dominik Kubera,3,1,1
2021,5,2021-08-06,Grand Prix Polski w Lublinie,Lublinie,3,main,,Leon Madsen,2,2,2
2021,5,2021-08-06,Grand Prix Polski w Lublinie,Lublinie,3,main,,Anders Thomsen,1,3,3
2021,5,2021-08-06,Grand Prix Polski w Lublinie,Lublinie,3,main,,Wiktor Lampart,0,4,4
2021,5,2021-08-06,Grand Prix Polski w Lublinie,Lublinie,3,main,,Robert Lambert,,x,5
2021,5,2021-08-06,Grand Prix Polski w Lublinie,Lublinie,4,main,,Artiom Łaguta,3,1,1
2021,5,2021-08-06,Grand Prix Polski w Lublinie,Lublinie,4,main,,Matej Žagar,2,2,2
2021,5,2021-08-06,Grand Prix Polski w Lublinie,Lublinie,4,main,,Jason Doyle,1,3,3
2021,5,2021-08-06,Grand Prix Polski w Lublinie,Lublinie,4,main,,Krzysztof Kasprzak,0,4,4
2021,5,2021-08-06,Grand Prix Polski w Lublinie,Lublinie,5,main,,Max Fricke,3,1,1
2021,5,2021-08-06,Grand Prix Polski w Lublinie,Lublinie,5,main,,Matej Žagar,2,2,2
2021,5,2021-08-06,Grand Prix Polski w Lublinie,Lublinie,5,main,,Maciej Janowski,1,3,3
2021,5,2021-08-06,Grand Prix Polski w Lublinie,Lublinie,5,main,,Robert Lambert,0,4,4
2021,5,2021-08-06,Grand Prix Polski w Lublinie,Lublinie,6,main,,Bartosz Zmarzlik,3,1,1
2021,5,2021-08-06,Grand Prix Polski w Lublinie,Lublinie,6,main,,Artiom Łaguta,2,2,2
2021,5,2021-08-06,Grand Prix Polski w Lublinie,Lublinie,6,main,,Emil Sajfutdinow,1,3,3
2021,5,2021-08-06,Grand Prix Polski w Lublinie,Lublinie,6,main,,Leon Madsen,0,4,4
2021,5,2021-08-06,Grand Prix Polski w Lublinie,Lublinie,7,main,,Jason Doyle,3,1,1
2021,5,2021-08-06,Grand Prix Polski w Lublinie,Lublinie,7,main,,Dominik Kubera,2,2,2
2021,5,2021-08-06,Grand Prix Polski w Lublinie,Lublinie,7,main,,Tai Woffinden,1,3,3
2021,5,2021-08-06,Grand Prix Polski w Lublinie,Lublinie,7,main,,Oliver Berntzon,0,4,4
2021,5,2021-08-06,Grand Prix Polski w Lublinie,Lublinie,8,main,,Fredrik Lindgren,3,1,1
2021,5,2021-08-06,Grand Prix Polski w Lublinie,Lublinie,8,main,,Anders Thomsen,2,2,2
2021,5,2021-08-06,Grand Prix Polski w Lublinie,Lublinie,8,main,,Krzysztof Kasprzak,1,3,3
2021,5,2021-08-06,Grand Prix Polski w Lublinie,Lublinie,8,main,,Martin Vaculik,0,4,4
2021,5,2021-08-06,Grand Prix Polski w Lublinie,Lublinie,9,main,,Dominik Kubera,3,1,1
2021,5,2021-08-06,Grand Prix Polski w Lublinie,Lublinie,9,main,,Bartosz Zmarzlik,2,2,2
2021,5,2021-08-06,Grand Prix Polski w Lublinie,Lublinie,9,main,,Krzysztof Kasprzak,1,3,3
2021,5,2021-08-06,Grand Prix Polski w Lublinie,Lublinie,9,main,,Maciej Janowski,0,4,4
2021,5,2021-08-06,Grand Prix Polski w Lublinie,Lublinie,10,main,,Jason Doyle,3,1,1
2021,5,2021-08-06,Grand Prix Polski w Lublinie,Lublinie,10,main,,Emil Sajfutdinow,2,2,2
2021,5,2021-08-06,Grand Prix Polski w Lublinie,Lublinie,10,main,,Max Fricke,1,3,3
2021,5,2021-08-06,Grand Prix Polski w Lublinie,Lublinie,10,main,,Anders Thomsen,0,4,4
2021,5,2021-08-06,Grand Prix Polski w Lublinie,Lublinie,11,main,,Artiom Łaguta,3,1,1
2021,5,2021-08-06,Grand Prix Polski w Lublinie,Lublinie,11,main,,Tai Woffinden,2,2,2
2021,5,2021-08-06,Grand Prix Polski w Lublinie,Lublinie,11,main,,Robert Lambert,1,3,3
2021,5,2021-08-06,Grand Prix Polski w Lublinie,Lublinie,11,main,,Martin Vaculik,0,4,4
2021,5,2021-08-06,Grand Prix Polski w Lublinie,Lublinie,12,main,,Fredrik Lindgren,3,1,1
2021,5,2021-08-06,Grand Prix Polski w Lublinie,Lublinie,12,main,,Leon Madsen,2,2,2
2021,5,2021-08-06,Grand Prix Polski w Lublinie,Lublinie,12,main,,Matej Žagar,1,3,3
2021,5,2021-08-06,Grand Prix Polski w Lublinie,Lublinie,12,main,,Oliver Berntzon,0,4,4
2021,5,2021-08-06,Grand Prix Polski w Lublinie,Lublinie,13,main,,Artiom Łaguta,3,1,1
2021,5,2021-08-06,Grand Prix Polski w Lublinie,Lublinie,13,main,,Maciej Janowski,2,2,2
2021,5,2021-08-06,Grand Prix Polski w Lublinie,Lublinie,13,main,,Oliver Berntzon,1,3,3
2021,5,2021-08-06,Grand Prix Polski w Lublinie,Lublinie,13,main,,Anders Thomsen,0,4,4
2021,5,2021-08-06,Grand Prix Polski w Lublinie,Lublinie,14,main,,Emil Sajfutdinow,3,1,1
2021,5,2021-08-06,Grand Prix Polski w Lublinie,Lublinie,14,main,,Dominik Kubera,2,2,2
2021,5,2021-08-06,Grand Prix Polski w Lublinie,Lublinie,14,main,,Matej Žagar,1,3,3
2021,5,2021-08-06,Grand Prix Polski w Lublinie,Lublinie,14,main,,Martin Vaculik,0,4,4
2021,5,2021-08-06,Grand Prix Polski w Lublinie,Lublinie,15,main,,Leon Madsen,3,1,1
2021,5,2021-08-06,Grand Prix Polski w Lublinie,Lublinie,15,main,,Max Fricke,2,2,2
2021,5,2021-08-06,Grand Prix Polski w Lublinie,Lublinie,15,main,,Tai Woffinden,1,3,3
2021,5,2021-08-06,Grand Prix Polski w Lublinie,Lublinie,15,main,,Krzysztof Kasprzak,0,4,4
2021,5,2021-08-06,Grand Prix Polski w Lublinie,Lublinie,16,main,,Jason Doyle,3,1,1
2021,5,2021-08-06,Grand Prix Polski w Lublinie,Lublinie,16,main,,Robert Lambert,2,2,2
2021,5,2021-08-06,Grand Prix Polski w Lublinie,Lublinie,16,main,,Bartosz Zmarzlik,1,3,3
2021,5,2021-08-06,Grand Prix Polski w Lublinie,Lublinie,16,main,,Fredrik Lindgren,0,4,4
2021,5,2021-08-06,Grand Prix Polski w Lublinie,Lublinie,17,main,,Martin Vaculik,3,1,1
2021,5,2021-08-06,Grand Prix Polski w Lublinie,Lublinie,17,main,,Leon Madsen,2,2,2
2021,5,2021-08-06,Grand Prix Polski w Lublinie,Lublinie,17,main,,Maciej Janowski,1,3,3
2021,5,2021-08-06,Grand Prix Polski w Lublinie,Lublinie,17,main,,Jason Doyle,0,4,4
2021,5,2021-08-06,Grand Prix Polski w Lublinie,Lublinie,18,main,,Robert Lambert,3,1,1
2021,5,2021-08-06,Grand Prix Polski w Lublinie,Lublinie,18,main,,Krzysztof Kasprzak,2,2,2
2021,5,2021-08-06,Grand Prix Polski w Lublinie,Lublinie,18,main,,Emil Sajfutdinow,1,3,3
2021,5,2021-08-06,Grand Prix Polski w Lublinie,Lublinie,18,main,,Oliver Berntzon,0,4,4
2021,5,2021-08-06,Grand Prix Polski w Lublinie,Lublinie,19,main,,Bartosz Zmarzlik,3,1,1
2021,5,2021-08-06,Grand Prix Polski w Lublinie,Lublinie,19,main,,Tai Woffinden,2,2,2
2021,5,2021-08-06,Grand Prix Polski w Lublinie,Lublinie,19,main,,Matej Žagar,1,3,3
2021,5,2021-08-06,Grand Prix Polski w Lublinie,Lublinie,19,main,,Anders Thomsen,0,4,4
2021,5,2021-08-06,Grand Prix Polski w Lublinie,Lublinie,20,main,,Fredrik Lindgren,3,1,1
2021,5,2021-08-06,Grand Prix Polski w Lublinie,Lublinie,20,main,,Dominik Kubera,2,2,2
2021,5,2021-08-06,Grand Prix Polski w Lublinie,Lublinie,20,main,,Artiom Łaguta,1,3,3
2021,5,2021-08-06,Grand Prix Polski w Lublinie,Lublinie,20,main,,Max Fricke,0,4,4
2021,5,2021-08-06,Grand Prix Polski w Lublinie,Lublinie,21,semi,,Bartosz Zmarzlik,3,1,1
2021,5,2021-08-06,Grand Prix Polski w Lublinie,Lublinie,21,semi,,Fredrik Lindgren,2,2,2
2021,5,2021-08-06,Grand Prix Polski w Lublinie,Lublinie,21,semi,,Tai Woffinden,1,3,3
2021,5,2021-08-06,Grand Prix Polski w Lublinie,Lublinie,21,semi,,Leon Madsen,0,4,4
2021,5,2021-08-06,Grand Prix Polski w Lublinie,Lublinie,22,semi,,Artiom Łaguta,3,1,1
2021,5,2021-08-06,Grand Prix Polski w Lublinie,Lublinie,22,semi,,Dominik Kubera,2,2,2
2021,5,2021-08-06,Grand Prix Polski w Lublinie,Lublinie,22,semi,,Jason Doyle,1,3,3
2021,5,2021-08-06,Grand Prix Polski w Lublinie,Lublinie,22,semi,,Emil Sajfutdinow,0,4,4
2021,5,2021-08-06,Grand Prix Polski w Lublinie,Lublinie,23,final,,Bartosz Zmarzlik,3,1,1
2021,5,2021-08-06,Grand Prix Polski w Lublinie,Lublinie,23,final,,Dominik Kubera,2,2,2
2021,5,2021-08-06,Grand Prix Polski w Lublinie,Lublinie,23,final,,Fredrik Lindgren,1,3,3
2021,5,2021-08-06,Grand Prix Polski w Lublinie,Lublinie,23,final,,Artiom Łaguta,0,4,4
2021,6,2021-08-07,Grand Prix Polski w Lublinie,Lublinie,1,main,,Fredrik Lindgren,3,1,1
2021,6,2021-08-07,Grand Prix Polski w Lublinie,Lublinie,1,main,,Emil Sajfutdinow,2,2,2
2021,6,2021-08-07,Grand Prix Polski w Lublinie,Lublinie,1,main,,Anders Thomsen,1,3,3
2021,6,2021-08-07,Grand Prix Polski w Lublinie,Lublinie,1,main,,Krzysztof Kasprzak,0,4,4
2021,6,2021-08-07,Grand Prix Polski w Lublinie,Lublinie,2,main,,Bartosz Zmarzlik,3,1,1
2021,6,2021-08-07,Grand Prix Polski w Lublinie,Lublinie,2,main,,Robert Lambert,2,2,2
2021,6,2021-08-07,Grand Prix Polski w Lublinie,Lublinie,2,main,,Maciej Janowski,1,3,3
2021,6,2021-08-07,Grand Prix Polski w Lublinie,Lublinie,2,main,,Jason Doyle,0,4,4
2021,6,2021-08-07,Grand Prix Polski w Lublinie,Lublinie,3,main,,Dominik Kubera,3,1,1
2021,6,2021-08-07,Grand Prix Polski w Lublinie,Lublinie,3,main,,Martin Vaculik,2,2,2
2021,6,2021-08-07,Grand Prix Polski w Lublinie,Lublinie,3,main,,Matej Žagar,1,3,3
2021,6,2021-08-07,Grand Prix Polski w Lublinie,Lublinie,3,main,,Oliver Berntzon,0,4,4
2021,6,2021-08-07,Grand Prix Polski w Lublinie,Lublinie,4,main,,Artiom Łaguta,3,1,1
2021,6,2021-08-07,Grand Prix Polski w Lublinie,Lublinie,4,main,,Tai Woffinden,2,2,2
2021,6,2021-08-07,Grand Prix Polski w Lublinie,Lublinie,4,main,,Max Fricke,1,3,3
2021,6,2021-08-07,Grand Prix Polski w Lublinie,Lublinie,4,main,,Leon Madsen,0,4,4
2021,6,2021-08-07,Grand Prix Polski w Lublinie,Lublinie,5,main,,Artiom Łaguta,3,1,1
2021,6,2021-08-07,Grand Prix Polski w Lublinie,Lublinie,5,main,,Krzysztof Kasprzak,2,2,2
2021,6,2021-08-07,Grand Prix Polski w Lublinie,Lublinie,5,main,,Robert Lambert,1,3,3
2021,6,2021-08-07,Grand Prix Polski w Lublinie,Lublinie,5,main,,Oliver Berntzon,0,4,4
2021,6,2021-08-07,Grand Prix Polski w Lublinie,Lublinie,6,main,,Martin Vaculik,3,1,1
2021,6,2021-08-07,Grand Prix Polski w Lublinie,Lublinie,6,main,,Emil Sajfutdinow,2,2,2
2021,6,2021-08-07,Grand Prix Polski w Lublinie,Lublinie,6,main,,Maciej Janowski,1,3,3
2021,6,2021-08-07,Grand Prix Polski w Lublinie,Lublinie,6,main,,Max Fricke,0,4,4
2021,6,2021-08-07,Grand Prix Polski w Lublinie,Lublinie,7,main,,Tai Woffinden,3,1,1
2021,6,2021-08-07,Grand Prix Polski w Lublinie,Lublinie,7,main,,Anders Thomsen,2,2,2
2021,6,2021-08-07,Grand Prix Polski w Lublinie,Lublinie,7,main,,Matej Žagar,1,3,3
2021,6,2021-08-07,Grand Prix Polski w Lublinie,Lublinie,7,main,,Jason Doyle,0,4,4
2021,6,2021-08-07,Grand Prix Polski w Lublinie,Lublinie,8,main,,Bartosz Zmarzlik,3,1,1
2021,6,2021-08-07,Grand Prix Polski w Lublinie,Lublinie,8,main,,Fredrik Lindgren,2,2,2
2021,6,2021-08-07,Grand Prix Polski w Lublinie,Lublinie,8,main,,Leon Madsen,1,3,3
2021,6,2021-08-07,Grand Prix Polski w Lublinie,Lublinie,8,main,,Dominik Kubera,0,4,4
2021,6,2021-08-07,Grand Prix Polski w Lublinie,Lublinie,9,main,,Leon Madsen,3,1,1
2021,6,2021-08-07,Grand Prix Polski w Lublinie,Lublinie,9,main,,Matej Žagar,2,2,2
2021,6,2021-08-07,Grand Prix Polski w Lublinie,Lublinie,9,main,,Krzysztof Kasprzak,1,3,3
2021,6,2021-08-07,Grand Prix Polski w Lublinie,Lublinie,9,main,,Maciej Janowski,0,4,4
2021,6,2021-08-07,Grand Prix Polski w Lublinie,Lublinie,10,main,,Dominik Kubera,3,1,1
2021,6,2021-08-07,Grand Prix Polski w Lublinie,Lublinie,10,main,,Emil Sajfutdinow,2,2,2
2021,6,2021-08-07,Grand Prix Polski w Lublinie,Lublinie,10,main,,Robert Lambert,1,3,3
2021,6,2021-08-07,Grand Prix Polski w Lublinie,Lublinie,10,main,,Tai Woffinden,0,4,4
2021,6,2021-08-07,Grand Prix Polski w Lublinie,Lublinie,11,main,,Max Fricke,3,1,1
2021,6,2021-08-07,Grand Prix Polski w Lublinie,Lublinie,11,main,,Bartosz Zmarzlik,2,2,2
2021,6,2021-08-07,Grand Prix Polski w Lublinie,Lublinie,11,main,,Anders Thomsen,1,3,3
2021,6,2021-08-07,Grand Prix Polski w Lublinie,Lublinie,11,main,,Oliver Berntzon,0,4,4
2021,6,2021-08-07,Grand Prix Polski w Lublinie,Lublinie,12,main,,Artiom Łaguta,3,1,1
2021,6,2021-08-07,Grand Prix Polski w Lublinie,Lublinie,12,main,,Fredrik Lindgren,2,2,2
2021,6,2021-08-07,Grand Prix Polski w Lublinie,Lublinie,12,main,,Jason Doyle,1,3,3
2021,6,2021-08-07,Grand Prix Polski w Lublinie,Lublinie,12,main,,Mateusz Świdnicki,0,4,4
2021,6,2021-08-07,Grand Prix Polski w Lublinie,Lublinie,12,main,,Martin Vaculik,,x,5
2021,6,2021-08-07,Grand Prix Polski w Lublinie,Lublinie,13,main,,Dominik Kubera,3,1,1
2021,6,2021-08-07,Grand Prix Polski w Lublinie,Lublinie,13,main,,Jason Doyle,2,2,2
2021,6,2021-08-07,Grand Prix Polski w Lublinie,Lublinie,13,main,,Max Fricke,1,3,3
2021,6,2021-08-07,Grand Prix Polski w Lublinie,Lublinie,13,main,,Krzysztof Kasprzak,0,4,4
2021,6,2021-08-07,Grand Prix Polski w Lublinie,Lublinie,14,main,,Bartosz Zmarzlik,3,1,1
2021,6,2021-08-07,Grand Prix Polski w Lublinie,Lublinie,14,main,,Emil Sajfutdinow,2,2,2
2021,6,2021-08-07,Grand Prix Polski w Lublinie,Lublinie,14,main,,Artiom Łaguta,1,3,3
2021,6,2021-08-07,Grand Prix Polski w Lublinie,Lublinie,14,main,,Matej Žagar,0,4,4
2021,6,2021-08-07,Grand Prix Polski w Lublinie,Lublinie,15,main,,Robert Lambert,3,1,1
2021,6,2021-08-07,Grand Prix Polski w Lublinie,Lublinie,15,main,,Anders Thomsen,2,2,2
2021,6,2021-08-07,Grand Prix Polski w Lublinie,Lublinie,15,main,,Leon Madsen,1,3,3
2021,6,2021-08-07,Grand Prix Polski w Lublinie,Lublinie,15,main,,Wiktor Lampart,0,4,4
2021,6,2021-08-07,Grand Prix Polski w Lublinie,Lublinie,15,main,,Martin Vaculik,,x,5
2021,6,2021-08-07,Grand Prix Polski w Lublinie,Lublinie,16,main,,Tai Woffinden,3,1,1
2021,6,2021-08-07,Grand Prix Polski w Lublinie,Lublinie,16,main,,Maciej Janowski,2,2,2
2021,6,2021-08-07,Grand Prix Polski w Lublinie,Lublinie,16,main,,Oliver Berntzon,1,3,3
2021,6,2021-08-07,Grand Prix Polski w Lublinie,Lublinie,16,main,,Fredrik Lindgren,0,x,4
2021,6,2021-08-07,Grand Prix Polski w Lublinie,Lublinie,17,main,,Bartosz Zmarzlik,3,1,1
2021,6,2021-08-07,Grand Prix Polski w Lublinie,Lublinie,17,main,,Krzysztof Kasprzak,2,2,2
2021,6,2021-08-07,Grand Prix Polski w Lublinie,Lublinie,17,main,,Tai Woffinden,1,3,3
2021,6,2021-08-07,Grand Prix Polski w Lublinie,Lublinie,17,main,,Mateusz Świdnicki,0,4,4
2021,6,2021-08-07,Grand Prix Polski w Lublinie,Lublinie,17,main,,Martin Vaculik,,x,5
2021,6,2021-08-07,Grand Prix Polski w Lublinie,Lublinie,18,main,,Jason Doyle,3,1,1
2021,6,2021-08-07,Grand Prix Polski w Lublinie,Lublinie,18,main,,Oliver Berntzon,2,2,2
2021,6,2021-08-07,Grand Prix Polski w Lublinie,Lublinie,18,main,,Emil Sajfutdinow,1,3,3
2021,6,2021-08-07,Grand Prix Polski w Lublinie,Lublinie,18,main,,Leon Madsen,0,4,4
2021,6,2021-08-07,Grand Prix Polski w Lublinie,Lublinie,19,main,,Artiom Łaguta,3,1,1
2021,6,2021-08-07,Grand Prix Polski w Lublinie,Lublinie,19,main,,Anders Thomsen,2,2,2
2021,6,2021-08-07,Grand Prix Polski w Lublinie,Lublinie,19,main,,Dominik Kubera,1,3,3
2021,6,2021-08-07,Grand Prix Polski w Lublinie,Lublinie,19,main,,Maciej Janowski,0,4,4
2021,6,2021-08-07,Grand Prix Polski w Lublinie,Lublinie,20,main,,Fredrik Lindgren,3,1,1
2021,6,2021-08-07,Grand Prix Polski w Lublinie,Lublinie,20,main,,Max Fricke,2,2,2
2021,6,2021-08-07,Grand Prix Polski w Lublinie,Lublinie,20,main,,Matej Žagar,1,3,3
2021,6,2021-08-07,Grand Prix Polski w Lublinie,Lublinie,20,main,,Robert Lambert,0,4,4
2021,6,2021-08-07,Grand Prix Polski w Lublinie,Lublinie,21,semi,,Bartosz Zmarzlik,3,1,1
2021,6,2021-08-07,Grand Prix Polski w Lublinie,Lublinie,21,semi,,Fredrik Lindgren,2,2,2
2021,6,2021-08-07,Grand Prix Polski w Lublinie,Lublinie,21,semi,,Emil Sajfutdinow,1,3,3
2021,6,2021-08-07,Grand Prix Polski w Lublinie,Lublinie,21,semi,,Anders Thomsen,0,4,4
2021,6,2021-08-07,Grand Prix Polski w Lublinie,Lublinie,22,semi,,Artiom Łaguta,3,1,1
2021,6,2021-08-07,Grand Prix Polski w Lublinie,Lublinie,22,semi,,Dominik Kubera,2,2,2
2021,6,2021-08-07,Grand Prix Polski w Lublinie,Lublinie,22,semi,,Max Fricke,1,3,3
2021,6,2021-08-07,Grand Prix Polski w Lublinie,Lublinie,22,semi,,Tai Woffinden,0,4,4
2021,6,2021-08-07,Grand Prix Polski w Lublinie,Lublinie,23,final,,Artiom Łaguta,3,1,1
2021,6,2021-08-07,Grand Prix Polski w Lublinie,Lublinie,23,final,,Bartosz Zmarzlik,2,2,2
2021,6,2021-08-07,Grand Prix Polski w Lublinie,Lublinie,23,final,,Dominik Kubera,1,3,3
2021,6,2021-08-07,Grand Prix Polski w Lublinie,Lublinie,23,final,,Fredrik Lindgren,0,4,4
2021,7,2021-08-14,Grand Prix Szwecji w Malilli,Malilli,1,main,,Dominik Kubera,3,1,1
2021,7,2021-08-14,Grand Prix Szwecji w Malilli,Malilli,1,main,,Pontus Aspgren,2,2,2
2021,7,2021-08-14,Grand Prix Szwecji w Malilli,Malilli,1,main,,Oliver Berntzon,1,3,3
2021,7,2021-08-14,Grand Prix Szwecji w Malilli,Malilli,1,main,,Leon Madsen,0,d,4
2021,7,2021-08-14,Grand Prix Szwecji w Malilli,Malilli,2,main,,Tai Woffinden,3,1,1
2021,7,2021-08-14,Grand Prix Szwecji w Malilli,Malilli,2,main,,Artiom Łaguta,2,2,2
2021,7,2021-08-14,Grand Prix Szwecji w Malilli,Malilli,2,main,,Maciej Janowski,1,3,3
2021,7,2021-08-14,Grand Prix Szwecji w Malilli,Malilli,2,main,,Krzysztof Kasprzak,0,4,4
2021,7,2021-08-14,Grand Prix Szwecji w Malilli,Malilli,3,main,,Fredrik Lindgren,3,1,1
2021,7,2021-08-14,Grand Prix Szwecji w Malilli,Malilli,3,main,,Jason Doyle,2,2,2
2021,7,2021-08-14,Grand Prix Szwecji w Malilli,Malilli,3,main,,Max Fricke,1,3,3
2021,7,2021-08-14,Grand Prix Szwecji w Malilli,Malilli,3,main,,Matej Žagar,0,4,4
2021,7,2021-08-14,Grand Prix Szwecji w Malilli,Malilli,4,main,,Anders Thomsen,3,1,1
2021,7,2021-08-14,Grand Prix Szwecji w Malilli,Malilli,4,main,,Robert Lambert,2,2,2
2021,7,2021-08-14,Grand Prix Szwecji w Malilli,Malilli,4,main,,Emil Sajfutdinow,1,3,3
2021,7,2021-08-14,Grand Prix Szwecji w Malilli,Malilli,4,main,,Bartosz Zmarzlik,0,4,4
2021,7,2021-08-14,Grand Prix Szwecji w Malilli,Malilli,5,main,,Bartosz Zmarzlik,3,1,1
2021,7,2021-08-14,Grand Prix Szwecji w Malilli,Malilli,5,main,,Oliver Berntzon,2,2,2
2021,7,2021-08-14,Grand Prix Szwecji w Malilli,Malilli,5,main,,Tai Woffinden,1,3,3
2021,7,2021-08-14,Grand Prix Szwecji w Malilli,Malilli,5,main,,Matej Žagar,0,d,4
2021,7,2021-08-14,Grand Prix Szwecji w Malilli,Malilli,6,main,,Fredrik Lindgren,3,1,1
2021,7,2021-08-14,Grand Prix Szwecji w Malilli,Malilli,6,main,,Emil Sajfutdinow,2,2,2
2021,7,2021-08-14,Grand Prix Szwecji w Malilli,Malilli,6,main,,Krzysztof Kasprzak,1,3,3
2021,7,2021-08-14,Grand Prix Szwecji w Malilli,Malilli,6,main,,Dominik Kubera,0,4,4
2021,7,2021-08-14,Grand Prix Szwecji w Malilli,Malilli,7,main,,Artiom Łaguta,3,1,1
2021,7,2021-08-14,Grand Prix Szwecji w Malilli,Malilli,7,main,,Jason Doyle,2,2,2
2021,7,2021-08-14,Grand Prix Szwecji w Malilli,Malilli,7,main,,Pontus Aspgren,1,3,3
2021,7,2021-08-14,Grand Prix Szwecji w Malilli,Malilli,7,main,,Robert Lambert,0,4,4
2021,7,2021-08-14,Grand Prix Szwecji w Malilli,Malilli,8,main,,Max Fricke,3,1,1
2021,7,2021-08-14,Grand Prix Szwecji w Malilli,Malilli,8,main,,Anders Thomsen,2,2,2
2021,7,2021-08-14,Grand Prix Szwecji w Malilli,Malilli,8,main,,Maciej Janowski,1,3,3
2021,7,2021-08-14,Grand Prix Szwecji w Malilli,Malilli,8,main,,Leon Madsen,0,4,4
2021,7,2021-08-14,Grand Prix Szwecji w Malilli,Malilli,9,main,,Jason Doyle,3,1,1
2021,7,2021-08-14,Grand Prix Szwecji w Malilli,Malilli,9,main,,Anders Thomsen,2,2,2
2021,7,2021-08-14,Grand Prix Szwecji w Malilli,Malilli,9,main,,Oliver Berntzon,1,3,3
2021,7,2021-08-14,Grand Prix Szwecji w Malilli,Malilli,9,main,,Krzysztof Kasprzak,0,4,4
2021,7,2021-08-14,Grand Prix Szwecji w Malilli,Malilli,10,main,,Robert Lambert,3,1,1
2021,7,2021-08-14,Grand Prix Szwecji w Malilli,Malilli,10,main,,Dominik Kubera,2,2,2
2021,7,2021-08-14,Grand Prix Szwecji w Malilli,Malilli,10,main,,Tai Woffinden,1,3,3
2021,7,2021-08-14,Grand Prix Szwecji w Malilli,Malilli,10,main,,Max Fricke,0,4,4
2021,7,2021-08-14,Grand Prix Szwecji w Malilli,Malilli,11,main,,Emil Sajfutdinow,3,1,1
2021,7,2021-08-14,Grand Prix Szwecji w Malilli,Malilli,11,main,,Maciej Janowski,2,2,2
2021,7,2021-08-14,Grand Prix Szwecji w Malilli,Malilli,11,main,,Pontus Aspgren,1,3,3
2021,7,2021-08-14,Grand Prix Szwecji w Malilli,Malilli,11,main,,Matej Žagar,0,4,4
2021,7,2021-08-14,Grand Prix Szwecji w Malilli,Malilli,12,main,,Artiom Łaguta,3,1,1
2021,7,2021-08-14,Grand Prix Szwecji w Malilli,Malilli,12,main,,Fredrik Lindgren,2,2,2
2021,7,2021-08-14,Grand Prix Szwecji w Malilli,Malilli,12,main,,Bartosz Zmarzlik,1,3,3
2021,7,2021-08-14,Grand Prix Szwecji w Malilli,Malilli,12,main,,Leon Madsen,0,4,4
2021,7,2021-08-14,Grand Prix Szwecji w Malilli,Malilli,13,main,,Artiom Łaguta,3,1,1
2021,7,2021-08-14,Grand Prix Szwecji w Malilli,Malilli,13,main,,Emil Sajfutdinow,2,2,2
2021,7,2021-08-14,Grand Prix Szwecji w Malilli,Malilli,13,main,,Max Fricke,1,3,3
2021,7,2021-08-14,Grand Prix Szwecji w Malilli,Malilli,13,main,,Oliver Berntzon,0,4,4
2021,7,2021-08-14,Grand Prix Szwecji w Malilli,Malilli,14,main,,Jason Doyle,3,1,1
2021,7,2021-08-14,Grand Prix Szwecji w Malilli,Malilli,14,main,,Maciej Janowski,2,2,2
2021,7,2021-08-14,Grand Prix Szwecji w Malilli,Malilli,14,main,,Bartosz Zmarzlik,1,3,3
2021,7,2021-08-14,Grand Prix Szwecji w Malilli,Malilli,14,main,,Dominik Kubera,0,4,4
2021,7,2021-08-14,Grand Prix Szwecji w Malilli,Malilli,15,main,,Fredrik Lindgren,3,1,1
2021,7,2021-08-14,Grand Prix Szwecji w Malilli,Malilli,15,main,,Tai Woffinden,2,2,2
2021,7,2021-08-14,Grand Prix Szwecji w Malilli,Malilli,15,main,,Anders Thomsen,0,3,3
2021,7,2021-08-14,Grand Prix Szwecji w Malilli,Malilli,15,main,,Kim Nilsson,1,3,4
2021,7,2021-08-14,Grand Prix Szwecji w Malilli,Malilli,15,main,,Pontus Aspgren,,t,5
2021,7,2021-08-14,Grand Prix Szwecji w Malilli,Malilli,16,main,,Matej Žagar,3,1,1
2021,7,2021-08-14,Grand Prix Szwecji w Malilli,Malilli,16,main,,Krzysztof Kasprzak,2,2,2
2021,7,2021-08-14,Grand Prix Szwecji w Malilli,Malilli,16,main,,Leon Madsen,1,3,3
2021,7,2021-08-14,Grand Prix Szwecji w Malilli,Malilli,16,main,,Robert Lambert,0,d,4
2021,7,2021-08-14,Grand Prix Szwecji w Malilli,Malilli,17,main,,Maciej Janowski,3,1,1
2021,7,2021-08-14,Grand Prix Szwecji w Malilli,Malilli,17,main,,Fredrik Lindgren,2,2,2
2021,7,2021-08-14,Grand Prix Szwecji w Malilli,Malilli,17,main,,Oliver Berntzon,1,3,3
2021,7,2021-08-14,Grand Prix Szwecji w Malilli,Malilli,17,main,,Robert Lambert,0,4,4
2021,7,2021-08-14,Grand Prix Szwecji w Malilli,Malilli,18,main,,Artiom Łaguta,3,1,1
2021,7,2021-08-14,Grand Prix Szwecji w Malilli,Malilli,18,main,,Dominik Kubera,2,2,2
2021,7,2021-08-14,Grand Prix Szwecji w Malilli,Malilli,18,main,,Matej Žagar,1,3,3
2021,7,2021-08-14,Grand Prix Szwecji w Malilli,Malilli,18,main,,Anders Thomsen,0,4,4
2021,7,2021-08-14,Grand Prix Szwecji w Malilli,Malilli,19,main,,Bartosz Zmarzlik,3,1,1
2021,7,2021-08-14,Grand Prix Szwecji w Malilli,Malilli,19,main,,Max Fricke,2,2,2
2021,7,2021-08-14,Grand Prix Szwecji w Malilli,Malilli,19,main,,Krzysztof Kasprzak,1,3,3
2021,7,2021-08-14,Grand Prix Szwecji w Malilli,Malilli,19,main,,Pontus Aspgren,0,4,4
2021,7,2021-08-14,Grand Prix Szwecji w Malilli,Malilli,20,main,,Leon Madsen,3,1,1
2021,7,2021-08-14,Grand Prix Szwecji w Malilli,Malilli,20,main,,Jason Doyle,2,2,2
2021,7,2021-08-14,Grand Prix Szwecji w Malilli,Malilli,20,main,,Emil Sajfutdinow,1,3,3
2021,7,2021-08-14,Grand Prix Szwecji w Malilli,Malilli,20,main,,Tai Woffinden,0,4,4
2021,7,2021-08-14,Grand Prix Szwecji w Malilli,Malilli,21,semi,,Bartosz Zmarzlik,3,1,1
2021,7,2021-08-14,Grand Prix Szwecji w Malilli,Malilli,21,semi,,Artiom Łaguta,2,2,2
2021,7,2021-08-14,Grand Prix Szwecji w Malilli,Malilli,21,semi,,Emil Sajfutdinow,1,3,3
2021,7,2021-08-14,Grand Prix Szwecji w Malilli,Malilli,21,semi,,Dominik Kubera,0,4,4
2021,7,2021-08-14,Grand Prix Szwecji w Malilli,Malilli,22,semi,,Jason Doyle,3,1,1
2021,7,2021-08-14,Grand Prix Szwecji w Malilli,Malilli,22,semi,,Fredrik Lindgren,2,2,2
2021,7,2021-08-14,Grand Prix Szwecji w Malilli,Malilli,22,semi,,Maciej Janowski,1,3,3
2021,7,2021-08-14,Grand Prix Szwecji w Malilli,Malilli,22,semi,,Anders Thomsen,0,4,4
2021,7,2021-08-14,Grand Prix Szwecji w Malilli,Malilli,23,final,,Bartosz Zmarzlik,3,1,1
2021,7,2021-08-14,Grand Prix Szwecji w Malilli,Malilli,23,final,,Artiom Łaguta,2,2,2
2021,7,2021-08-14,Grand Prix Szwecji w Malilli,Malilli,23,final,,Fredrik Lindgren,1,3,3
2021,8,2021-08-28,Grand Prix Rosji w Togliatti,Togliatti,1,main,,Max Fricke,3,1,1
2021,8,2021-08-28,Grand Prix Rosji w Togliatti,Togliatti,1,main,,Anders Thomsen,2,2,2
2021,8,2021-08-28,Grand Prix Rosji w Togliatti,Togliatti,1,main,,Krzysztof Kasprzak,1,3,3
2021,8,2021-08-28,Grand Prix Rosji w Togliatti,Togliatti,1,main,,Oliver Berntzon,0,4,4
2021,8,2021-08-28,Grand Prix Rosji w Togliatti,Togliatti,2,main,,Emil Sajfutdinow,3,1,1
2021,8,2021-08-28,Grand Prix Rosji w Togliatti,Togliatti,2,main,,Tai Woffinden,2,2,2
2021,8,2021-08-28,Grand Prix Rosji w Togliatti,Togliatti,2,main,,Maciej Janowski,1,3,3
2021,8,2021-08-28,Grand Prix Rosji w Togliatti,Togliatti,2,main,,Fredrik Lindgren,0,4,4
2021,8,2021-08-28,Grand Prix Rosji w Togliatti,Togliatti,3,main,,Artiom Łaguta,3,1,1
2021,8,2021-08-28,Grand Prix Rosji w Togliatti,Togliatti,3,main,,Leon Madsen,2,2,2
2021,8,2021-08-28,Grand Prix Rosji w Togliatti,Togliatti,3,main,,Bartosz Zmarzlik,1,3,3
2021,8,2021-08-28,Grand Prix Rosji w Togliatti,Togliatti,3,main,,Robert Lambert,0,4,4
2021,8,2021-08-28,Grand Prix Rosji w Togliatti,Togliatti,4,main,,Jason Doyle,3,1,1
2021,8,2021-08-28,Grand Prix Rosji w Togliatti,Togliatti,4,main,,Matej Žagar,2,2,2
2021,8,2021-08-28,Grand Prix Rosji w Togliatti,Togliatti,4,main,,Aleksandr Loktaev,1,3,3
2021,8,2021-08-28,Grand Prix Rosji w Togliatti,Togliatti,4,main,,Vadim Tarasenko,0,x,4
2021,8,2021-08-28,Grand Prix Rosji w Togliatti,Togliatti,5,main,,Jason Doyle,3,1,1
2021,8,2021-08-28,Grand Prix Rosji w Togliatti,Togliatti,5,main,,Fredrik Lindgren,2,2,2
2021,8,2021-08-28,Grand Prix Rosji w Togliatti,Togliatti,5,main,,Robert Lambert,1,3,3
2021,8,2021-08-28,Grand Prix Rosji w Togliatti,Togliatti,5,main,,Krzysztof Kasprzak,0,4,4
2021,8,2021-08-28,Grand Prix Rosji w Togliatti,Togliatti,6,main,,Artiom Łaguta,3,1,1
2021,8,2021-08-28,Grand Prix Rosji w Togliatti,Togliatti,6,main,,Anders Thomsen,2,2,2
2021,8,2021-08-28,Grand Prix Rosji w Togliatti,Togliatti,6,main,,Aleksandr Loktaev,1,3,3
2021,8,2021-08-28,Grand Prix Rosji w Togliatti,Togliatti,6,main,,Maciej Janowski,0,x,4
2021,8,2021-08-28,Grand Prix Rosji w Togliatti,Togliatti,7,main,,Bartosz Zmarzlik,3,1,1
2021,8,2021-08-28,Grand Prix Rosji w Togliatti,Togliatti,7,main,,Matej Žagar,2,2,2
2021,8,2021-08-28,Grand Prix Rosji w Togliatti,Togliatti,7,main,,Oliver Berntzon,1,3,3
2021,8,2021-08-28,Grand Prix Rosji w Togliatti,Togliatti,7,main,,Emil Sajfutdinow,0,4,4
2021,8,2021-08-28,Grand Prix Rosji w Togliatti,Togliatti,8,main,,Tai Woffinden,3,1,1
2021,8,2021-08-28,Grand Prix Rosji w Togliatti,Togliatti,8,main,,Max Fricke,2,2,2
2021,8,2021-08-28,Grand Prix Rosji w Togliatti,Togliatti,8,main,,Leon Madsen,1,3,3
2021,8,2021-08-28,Grand Prix Rosji w Togliatti,Togliatti,8,main,,Vadim Tarasenko,0,4,4
2021,8,2021-08-28,Grand Prix Rosji w Togliatti,Togliatti,9,main,,Bartosz Zmarzlik,3,1,1
2021,8,2021-08-28,Grand Prix Rosji w Togliatti,Togliatti,9,main,,Maciej Janowski,2,2,2
2021,8,2021-08-28,Grand Prix Rosji w Togliatti,Togliatti,9,main,,Vadim Tarasenko,1,3,3
2021,8,2021-08-28,Grand Prix Rosji w Togliatti,Togliatti,9,main,,Renat Gafurov,0,4,4
2021,8,2021-08-28,Grand Prix Rosji w Togliatti,Togliatti,9,main,,Krzysztof Kasprzak,,t,5
2021,8,2021-08-28,Grand Prix Rosji w Togliatti,Togliatti,10,main,,Fredrik Lindgren,3,1,1
2021,8,2021-08-28,Grand Prix Rosji w Togliatti,Togliatti,10,main,,Anders Thomsen,2,2,2
2021,8,2021-08-28,Grand Prix Rosji w Togliatti,Togliatti,10,main,,Leon Madsen,1,3,3
2021,8,2021-08-28,Grand Prix Rosji w Togliatti,Togliatti,10,main,,Matej Žagar,0,4,4
2021,8,2021-08-28,Grand Prix Rosji w Togliatti,Togliatti,11,main,,Tai Woffinden,3,1,1
2021,8,2021-08-28,Grand Prix Rosji w Togliatti,Togliatti,11,main,,Aleksandr Loktaev,2,2,2
2021,8,2021-08-28,Grand Prix Rosji w Togliatti,Togliatti,11,main,,Oliver Berntzon,1,3,3
2021,8,2021-08-28,Grand Prix Rosji w Togliatti,Togliatti,11,main,,Robert Lambert,0,4,4
2021,8,2021-08-28,Grand Prix Rosji w Togliatti,Togliatti,12,main,,Artiom Łaguta,3,1,1
2021,8,2021-08-28,Grand Prix Rosji w Togliatti,Togliatti,12,main,,Emil Sajfutdinow,2,2,2
2021,8,2021-08-28,Grand Prix Rosji w Togliatti,Togliatti,12,main,,Max Fricke,1,3,3
2021,8,2021-08-28,Grand Prix Rosji w Togliatti,Togliatti,12,main,,Jason Doyle,0,x,4
2021,8,2021-08-28,Grand Prix Rosji w Togliatti,Togliatti,13,main,,Leon Madsen,3,1,1
2021,8,2021-08-28,Grand Prix Rosji w Togliatti,Togliatti,13,main,,Emil Sajfutdinow,2,2,2
2021,8,2021-08-28,Grand Prix Rosji w Togliatti,Togliatti,13,main,,Krzysztof Kasprzak,1,3,3
2021,8,2021-08-28,Grand Prix Rosji w Togliatti,Togliatti,13,main,,Aleksandr Loktaev,0,4,4
2021,8,2021-08-28,Grand Prix Rosji w Togliatti,Togliatti,14,main,,Tai Woffinden,3,1,1
2021,8,2021-08-28,Grand Prix Rosji w Togliatti,Togliatti,14,main,,Bartosz Zmarzlik,2,2,2
2021,8,2021-08-28,Grand Prix Rosji w Togliatti,Togliatti,14,main,,Anders Thomsen,1,3,3
2021,8,2021-08-28,Grand Prix Rosji w Togliatti,Togliatti,14,main,,Jason Doyle,0,4,4
2021,8,2021-08-28,Grand Prix Rosji w Togliatti,Togliatti,15,main,,Fredrik Lindgren,3,1,1
2021,8,2021-08-28,Grand Prix Rosji w Togliatti,Togliatti,15,main,,Artiom Łaguta,2,2,2
2021,8,2021-08-28,Grand Prix Rosji w Togliatti,Togliatti,15,main,,Oliver Berntzon,1,3,3
2021,8,2021-08-28,Grand Prix Rosji w Togliatti,Togliatti,15,main,,Vadim Tarasenko,0,4,4
2021,8,2021-08-28,Grand Prix Rosji w Togliatti,Togliatti,16,main,,Maciej Janowski,3,1,1
2021,8,2021-08-28,Grand Prix Rosji w Togliatti,Togliatti,16,main,,Max Fricke,2,2,2
2021,8,2021-08-28,Grand Prix Rosji w Togliatti,Togliatti,16,main,,Robert Lambert,1,3,3
2021,8,2021-08-28,Grand Prix Rosji w Togliatti,Togliatti,16,main,,Matej Žagar,0,4,4
2021,8,2021-08-28,Grand Prix Rosji w Togliatti,Togliatti,17,main,,Artiom Łaguta,3,1,1
2021,8,2021-08-28,Grand Prix Rosji w Togliatti,Togliatti,17,main,,Tai Woffinden,2,2,2
2021,8,2021-08-28,Grand Prix Rosji w Togliatti,Togliatti,17,main,,Krzysztof Kasprzak,1,3,3
2021,8,2021-08-28,Grand Prix Rosji w Togliatti,Togliatti,17,main,,Matej Žagar,0,4,4
2021,8,2021-08-28,Grand Prix Rosji w Togliatti,Togliatti,18,main,,Anders Thomsen,3,1,1
2021,8,2021-08-28,Grand Prix Rosji w Togliatti,Togliatti,18,main,,Vadim Tarasenko,2,2,2
2021,8,2021-08-28,Grand Prix Rosji w Togliatti,Togliatti,18,main,,Emil Sajfutdinow,1,3,3
2021,8,2021-08-28,Grand Prix Rosji w Togliatti,Togliatti,18,main,,Robert Lambert,0,4,4
2021,8,2021-08-28,Grand Prix Rosji w Togliatti,Togliatti,19,main,,Leon Madsen,3,1,1
2021,8,2021-08-28,Grand Prix Rosji w Togliatti,Togliatti,19,main,,Maciej Janowski,2,2,2
2021,8,2021-08-28,Grand Prix Rosji w Togliatti,Togliatti,19,main,,Jason Doyle,1,3,3
2021,8,2021-08-28,Grand Prix Rosji w Togliatti,Togliatti,19,main,,Oliver Berntzon,0,4,4
2021,8,2021-08-28,Grand Prix Rosji w Togliatti,Togliatti,20,main,,Bartosz Zmarzlik,3,1,1
2021,8,2021-08-28,Grand Prix Rosji w Togliatti,Togliatti,20,main,,Aleksandr Loktaev,2,2,2
2021,8,2021-08-28,Grand Prix Rosji w Togliatti,Togliatti,20,main,,Fredrik Lindgren,1,3,3
2021,8,2021-08-28,Grand Prix Rosji w Togliatti,Togliatti,20,main,,Max Fricke,0,4,4
2021,8,2021-08-28,Grand Prix Rosji w Togliatti,Togliatti,21,semi,,Emil Sajfutdinow,3,1,1
2021,8,2021-08-28,Grand Prix Rosji w Togliatti,Togliatti,21,semi,,Artiom Łaguta,2,2,2
2021,8,2021-08-28,Grand Prix Rosji w Togliatti,Togliatti,21,semi,,Fredrik Lindgren,1,3,3
2021,8,2021-08-28,Grand Prix Rosji w Togliatti,Togliatti,21,semi,,Leon Madsen,0,4,4
2021,8,2021-08-28,Grand Prix Rosji w Togliatti,Togliatti,22,semi,,Bartosz Zmarzlik,3,1,1
2021,8,2021-08-28,Grand Prix Rosji w Togliatti,Togliatti,22,semi,,Anders Thomsen,2,2,2
2021,8,2021-08-28,Grand Prix Rosji w Togliatti,Togliatti,22,semi,,Max Fricke,1,3,3
2021,8,2021-08-28,Grand Prix Rosji w Togliatti,Togliatti,22,semi,,Tai Woffinden,0,x,4
2021,8,2021-08-28,Grand Prix Rosji w Togliatti,Togliatti,23,final,,Artiom Łaguta,3,1,1
2021,8,2021-08-28,Grand Prix Rosji w Togliatti,Togliatti,23,final,,Bartosz Zmarzlik,2,2,2
2021,8,2021-08-28,Grand Prix Rosji w Togliatti,Togliatti,23,final,,Anders Thomsen,1,3,3
2021,8,2021-08-28,Grand Prix Rosji w Togliatti,Togliatti,23,final,,Emil Sajfutdinow,0,4,4
2021,9,2021-09-11,Grand Prix Danii w Vojens,Vojens,1,main,,Mikkel Michelsen,3,1,1
2021,9,2021-09-11,Grand Prix Danii w Vojens,Vojens,1,main,,Tai Woffinden,2,2,2
2021,9,2021-09-11,Grand Prix Danii w Vojens,Vojens,1,main,,Max Fricke,1,3,3
2021,9,2021-09-11,Grand Prix Danii w Vojens,Vojens,1,main,,Anders Thomsen,0,4,4
2021,9,2021-09-11,Grand Prix Danii w Vojens,Vojens,2,main,,Artiom Łaguta,3,1,1
2021,9,2021-09-11,Grand Prix Danii w Vojens,Vojens,2,main,,Emil Sajfutdinow,2,2,2
2021,9,2021-09-11,Grand Prix Danii w Vojens,Vojens,2,main,,Matej Žagar,1,3,3
2021,9,2021-09-11,Grand Prix Danii w Vojens,Vojens,2,main,,Krzysztof Kasprzak,0,4,4
2021,9,2021-09-11,Grand Prix Danii w Vojens,Vojens,3,main,,Bartosz Zmarzlik,3,1,1
2021,9,2021-09-11,Grand Prix Danii w Vojens,Vojens,3,main,,Robert Lambert,2,2,2
2021,9,2021-09-11,Grand Prix Danii w Vojens,Vojens,3,main,,Fredrik Lindgren,1,3,3
2021,9,2021-09-11,Grand Prix Danii w Vojens,Vojens,3,main,,Martin Vaculik,0,4,4
2021,9,2021-09-11,Grand Prix Danii w Vojens,Vojens,4,main,,Leon Madsen,3,1,1
2021,9,2021-09-11,Grand Prix Danii w Vojens,Vojens,4,main,,Jason Doyle,2,2,2
2021,9,2021-09-11,Grand Prix Danii w Vojens,Vojens,4,main,,Maciej Janowski,1,3,3
2021,9,2021-09-11,Grand Prix Danii w Vojens,Vojens,4,main,,Oliver Berntzon,0,4,4
2021,9,2021-09-11,Grand Prix Danii w Vojens,Vojens,5,main,,Mikkel Michelsen,3,1,1
2021,9,2021-09-11,Grand Prix Danii w Vojens,Vojens,5,main,,Fredrik Lindgren,2,2,2
2021,9,2021-09-11,Grand Prix Danii w Vojens,Vojens,5,main,,Emil Sajfutdinow,1,3,3
2021,9,2021-09-11,Grand Prix Danii w Vojens,Vojens,5,main,,Maciej Janowski,0,4,4
2021,9,2021-09-11,Grand Prix Danii w Vojens,Vojens,6,main,,Leon Madsen,3,1,1
2021,9,2021-09-11,Grand Prix Danii w Vojens,Vojens,6,main,,Robert Lambert,2,2,2
2021,9,2021-09-11,Grand Prix Danii w Vojens,Vojens,6,main,,Anders Thomsen,1,3,3
2021,9,2021-09-11,Grand Prix Danii w Vojens,Vojens,6,main,,Matej Žagar,0,4,4
2021,9,2021-09-11,Grand Prix Danii w Vojens,Vojens,7,main,,Martin Vaculik,3,1,1
2021,9,2021-09-11,Grand Prix Danii w Vojens,Vojens,7,main,,Jason Doyle,2,2,2
2021,9,2021-09-11,Grand Prix Danii w Vojens,Vojens,7,main,,Tai Woffinden,1,3,3
2021,9,2021-09-11,Grand Prix Danii w Vojens,Vojens,7,main,,Krzysztof Kasprzak,0,4,4
2021,9,2021-09-11,Grand Prix Danii w Vojens,Vojens,8,main,,Artiom Łaguta,3,1,1
2021,9,2021-09-11,Grand Prix Danii w Vojens,Vojens,8,main,,Bartosz Zmarzlik,2,2,2
2021,9,2021-09-11,Grand Prix Danii w Vojens,Vojens,8,main,,Max Fricke,1,3,3
2021,9,2021-09-11,Grand Prix Danii w Vojens,Vojens,8,main,,Oliver Berntzon,0,4,4
2021,9,2021-09-11,Grand Prix Danii w Vojens,Vojens,9,main,,Matej Žagar,3,1,1
2021,9,2021-09-11,Grand Prix Danii w Vojens,Vojens,9,main,,Martin Vaculik,2,2,2
2021,9,2021-09-11,Grand Prix Danii w Vojens,Vojens,9,main,,Oliver Berntzon,1,3,3
2021,9,2021-09-11,Grand Prix Danii w Vojens,Vojens,9,main,,Mikkel Michelsen,0,4,4
2021,9,2021-09-11,Grand Prix Danii w Vojens,Vojens,10,main,,Emil Sajfutdinow,3,1,1
2021,9,2021-09-11,Grand Prix Danii w Vojens,Vojens,10,main,,Bartosz Zmarzlik,2,2,2
2021,9,2021-09-11,Grand Prix Danii w Vojens,Vojens,10,main,,Anders Thomsen,1,3,3
2021,9,2021-09-11,Grand Prix Danii w Vojens,Vojens,10,main,,Jason Doyle,0,x,4
2021,9,2021-09-11,Grand Prix Danii w Vojens,Vojens,11,main,,Artiom Łaguta,3,1,1
2021,9,2021-09-11,Grand Prix Danii w Vojens,Vojens,11,main,,Tai Woffinden,2,2,2
2021,9,2021-09-11,Grand Prix Danii w Vojens,Vojens,11,main,,Fredrik Lindgren,1,3,3
2021,9,2021-09-11,Grand Prix Danii w Vojens,Vojens,11,main,,Leon Madsen,0,4,4
2021,9,2021-09-11,Grand Prix Danii w Vojens,Vojens,12,main,,Robert Lambert,3,1,1
2021,9,2021-09-11,Grand Prix Danii w Vojens,Vojens,12,main,,Max Fricke,2,2,2
2021,9,2021-09-11,Grand Prix Danii w Vojens,Vojens,12,main,,Maciej Janowski,1,3,3
2021,9,2021-09-11,Grand Prix Danii w Vojens,Vojens,12,main,,Krzysztof Kasprzak,0,d,4
2021,9,2021-09-11,Grand Prix Danii w Vojens,Vojens,13,main,,Bartosz Zmarzlik,3,1,1
2021,9,2021-09-11,Grand Prix Danii w Vojens,Vojens,13,main,,Mikkel Michelsen,2,2,2
2021,9,2021-09-11,Grand Prix Danii w Vojens,Vojens,13,main,,Leon Madsen,1,3,3
2021,9,2021-09-11,Grand Prix Danii w Vojens,Vojens,13,main,,Krzysztof Kasprzak,0,4,4
2021,9,2021-09-11,Grand Prix Danii w Vojens,Vojens,14,main,,Maciej Janowski,3,1,1
2021,9,2021-09-11,Grand Prix Danii w Vojens,Vojens,14,main,,Artiom Łaguta,2,2,2
2021,9,2021-09-11,Grand Prix Danii w Vojens,Vojens,14,main,,Anders Thomsen,1,3,3
2021,9,2021-09-11,Grand Prix Danii w Vojens,Vojens,14,main,,Martin Vaculik,0,d,4
2021,9,2021-09-11,Grand Prix Danii w Vojens,Vojens,15,main,,Tai Woffinden,3,1,1
2021,9,2021-09-11,Grand Prix Danii w Vojens,Vojens,15,main,,Emil Sajfutdinow,2,2,2
2021,9,2021-09-11,Grand Prix Danii w Vojens,Vojens,15,main,,Robert Lambert,1,3,3
2021,9,2021-09-11,Grand Prix Danii w Vojens,Vojens,15,main,,Oliver Berntzon,0,4,4
2021,9,2021-09-11,Grand Prix Danii w Vojens,Vojens,16,main,,Max Fricke,3,1,1
2021,9,2021-09-11,Grand Prix Danii w Vojens,Vojens,16,main,,Jason Doyle,2,2,2
2021,9,2021-09-11,Grand Prix Danii w Vojens,Vojens,16,main,,Fredrik Lindgren,1,3,3
2021,9,2021-09-11,Grand Prix Danii w Vojens,Vojens,16,main,,Matej Žagar,0,4,4
2021,9,2021-09-11,Grand Prix Danii w Vojens,Vojens,17,main,,Mikkel Michelsen,3,1,1
2021,9,2021-09-11,Grand Prix Danii w Vojens,Vojens,17,main,,Robert Lambert,2,2,2
2021,9,2021-09-11,Grand Prix Danii w Vojens,Vojens,17,main,,Artiom Łaguta,1,3,3
2021,9,2021-09-11,Grand Prix Danii w Vojens,Vojens,17,main,,Jason Doyle,0,4,4
2021,9,2021-09-11,Grand Prix Danii w Vojens,Vojens,18,main,,Fredrik Lindgren,3,1,1
2021,9,2021-09-11,Grand Prix Danii w Vojens,Vojens,18,main,,Anders Thomsen,2,2,2
2021,9,2021-09-11,Grand Prix Danii w Vojens,Vojens,18,main,,Krzysztof Kasprzak,1,3,3
2021,9,2021-09-11,Grand Prix Danii w Vojens,Vojens,18,main,,Oliver Berntzon,0,4,4
2021,9,2021-09-11,Grand Prix Danii w Vojens,Vojens,19,main,,Bartosz Zmarzlik,3,1,1
2021,9,2021-09-11,Grand Prix Danii w Vojens,Vojens,19,main,,Tai Woffinden,2,2,2
2021,9,2021-09-11,Grand Prix Danii w Vojens,Vojens,19,main,,Matej Žagar,1,3,3
2021,9,2021-09-11,Grand Prix Danii w Vojens,Vojens,19,main,,Maciej Janowski,0,4,4
2021,9,2021-09-11,Grand Prix Danii w Vojens,Vojens,20,main,,Emil Sajfutdinow,3,1,1
2021,9,2021-09-11,Grand Prix Danii w Vojens,Vojens,20,main,,Martin Vaculik,2,2,2
2021,9,2021-09-11,Grand Prix Danii w Vojens,Vojens,20,main,,Leon Madsen,1,3,3
2021,9,2021-09-11,Grand Prix Danii w Vojens,Vojens,20,main,,Max Fricke,0,4,4
2021,9,2021-09-11,Grand Prix Danii w Vojens,Vojens,21,semi,,Bartosz Zmarzlik,3,1,1
2021,9,2021-09-11,Grand Prix Danii w Vojens,Vojens,21,semi,,Emil Sajfutdinow,2,2,2
2021,9,2021-09-11,Grand Prix Danii w Vojens,Vojens,21,semi,,Robert Lambert,1,3,3
2021,9,2021-09-11,Grand Prix Danii w Vojens,Vojens,21,semi,,Leon Madsen,0,4,4
2021,9,2021-09-11,Grand Prix Danii w Vojens,Vojens,22,semi,,Artiom Łaguta,3,1,1
2021,9,2021-09-11,Grand Prix Danii w Vojens,Vojens,22,semi,,Tai Woffinden,2,2,2
2021,9,2021-09-11,Grand Prix Danii w Vojens,Vojens,22,semi,,Fredrik Lindgren,1,3,3
2021,9,2021-09-11,Grand Prix Danii w Vojens,Vojens,22,semi,,Mikkel Michelsen,0,x,4
2021,9,2021-09-11,Grand Prix Danii w Vojens,Vojens,23,final,,Artiom Łaguta,3,1,1
2021,9,2021-09-11,Grand Prix Danii w Vojens,Vojens,23,final,,Bartosz Zmarzlik,2,2,2
2021,9,2021-09-11,Grand Prix Danii w Vojens,Vojens,23,final,,Emil Sajfutdinow,1,3,3
2021,9,2021-09-11,Grand Prix Danii w Vojens,Vojens,23,final,,Tai Woffinden,0,4,4
2021,10,2021-10-01,Grand Prix Polski w Toruniu,Toruniu,1,main,,Robert Lambert,3,1,1
2021,10,2021-10-01,Grand Prix Polski w Toruniu,Toruniu,1,main,,Matej Žagar,2,2,2
2021,10,2021-10-01,Grand Prix Polski w Toruniu,Toruniu,1,main,,Maciej Janowski,1,3,3
2021,10,2021-10-01,Grand Prix Polski w Toruniu,Toruniu,1,main,,Martin Vaculik,0,4,4
2021,10,2021-10-01,Grand Prix Polski w Toruniu,Toruniu,2,main,,Artiom Łaguta,3,1,1
2021,10,2021-10-01,Grand Prix Polski w Toruniu,Toruniu,2,main,,Max Fricke,2,2,2
2021,10,2021-10-01,Grand Prix Polski w Toruniu,Toruniu,2,main,,Leon Madsen,1,3,3
2021,10,2021-10-01,Grand Prix Polski w Toruniu,Toruniu,2,main,,Oliver Berntzon,0,4,4
2021,10,2021-10-01,Grand Prix Polski w Toruniu,Toruniu,3,main,,Tai Woffinden,3,1,1
2021,10,2021-10-01,Grand Prix Polski w Toruniu,Toruniu,3,main,,Bartosz Zmarzlik,2,2,2
2021,10,2021-10-01,Grand Prix Polski w Toruniu,Toruniu,3,main,,Fredrik Lindgren,1,3,3
2021,10,2021-10-01,Grand Prix Polski w Toruniu,Toruniu,3,main,,Jason Doyle,0,4,4
2021,10,2021-10-01,Grand Prix Polski w Toruniu,Toruniu,4,main,,Emil Sajfutdinow,3,1,1
2021,10,2021-10-01,Grand Prix Polski w Toruniu,Toruniu,4,main,,Krzysztof Kasprzak,2,2,2
2021,10,2021-10-01,Grand Prix Polski w Toruniu,Toruniu,4,main,,Anders Thomsen,1,3,3
2021,10,2021-10-01,Grand Prix Polski w Toruniu,Toruniu,4,main,,Paweł Przedpełski,0,4,4
2021,10,2021-10-01,Grand Prix Polski w Toruniu,Toruniu,5,main,,Paweł Przedpełski,3,1,1
2021,10,2021-10-01,Grand Prix Polski w Toruniu,Toruniu,5,main,,Robert Lambert,2,2,2
2021,10,2021-10-01,Grand Prix Polski w Toruniu,Toruniu,5,main,,Artiom Łaguta,1,3,3
2021,10,2021-10-01,Grand Prix Polski w Toruniu,Toruniu,5,main,,Fredrik Lindgren,0,4,4
2021,10,2021-10-01,Grand Prix Polski w Toruniu,Toruniu,6,main,,Tai Woffinden,3,1,1
2021,10,2021-10-01,Grand Prix Polski w Toruniu,Toruniu,6,main,,Max Fricke,2,2,2
2021,10,2021-10-01,Grand Prix Polski w Toruniu,Toruniu,6,main,,Krzysztof Kasprzak,1,3,3
2021,10,2021-10-01,Grand Prix Polski w Toruniu,Toruniu,6,main,,Matej Žagar,0,4,4
2021,10,2021-10-01,Grand Prix Polski w Toruniu,Toruniu,7,main,,Emil Sajfutdinow,3,1,1
2021,10,2021-10-01,Grand Prix Polski w Toruniu,Toruniu,7,main,,Maciej Janowski,2,2,2
2021,10,2021-10-01,Grand Prix Polski w Toruniu,Toruniu,7,main,,Oliver Berntzon,1,3,3
2021,10,2021-10-01,Grand Prix Polski w Toruniu,Toruniu,7,main,,Jason Doyle,0,x,4
2021,10,2021-10-01,Grand Prix Polski w Toruniu,Toruniu,8,main,,Bartosz Zmarzlik,3,1,1
2021,10,2021-10-01,Grand Prix Polski w Toruniu,Toruniu,8,main,,Leon Madsen,2,2,2
2021,10,2021-10-01,Grand Prix Polski w Toruniu,Toruniu,8,main,,Martin Vaculik,1,3,3
2021,10,2021-10-01,Grand Prix Polski w Toruniu,Toruniu,8,main,,Anders Thomsen,0,x,4
2021,10,2021-10-01,Grand Prix Polski w Toruniu,Toruniu,9,main,,Max Fricke,3,1,1
2021,10,2021-10-01,Grand Prix Polski w Toruniu,Toruniu,9,main,,Anders Thomsen,2,2,2
2021,10,2021-10-01,Grand Prix Polski w Toruniu,Toruniu,9,main,,Jason Doyle,1,3,3
2021,10,2021-10-01,Grand Prix Polski w Toruniu,Toruniu,9,main,,Krzysztof Lewandowski,0,4,4
2021,10,2021-10-01,Grand Prix Polski w Toruniu,Toruniu,9,main,,Robert Lambert,,t,5
2021,10,2021-10-01,Grand Prix Polski w Toruniu,Toruniu,10,main,,Artiom Łaguta,3,1,1
2021,10,2021-10-01,Grand Prix Polski w Toruniu,Toruniu,10,main,,Bartosz Zmarzlik,2,2,2
2021,10,2021-10-01,Grand Prix Polski w Toruniu,Toruniu,10,main,,Emil Sajfutdinow,1,3,3
2021,10,2021-10-01,Grand Prix Polski w Toruniu,Toruniu,10,main,,Matej Žagar,0,4,4
2021,10,2021-10-01,Grand Prix Polski w Toruniu,Toruniu,11,main,,Maciej Janowski,3,1,1
2021,10,2021-10-01,Grand Prix Polski w Toruniu,Toruniu,11,main,,Leon Madsen,2,2,2
2021,10,2021-10-01,Grand Prix Polski w Toruniu,Toruniu,11,main,,Fredrik Lindgren,1,3,3
2021,10,2021-10-01,Grand Prix Polski w Toruniu,Toruniu,11,main,,Krzysztof Kasprzak,0,4,4
2021,10,2021-10-01,Grand Prix Polski w Toruniu,Toruniu,12,main,,Tai Woffinden,3,1,1
2021,10,2021-10-01,Grand Prix Polski w Toruniu,Toruniu,12,main,,Oliver Berntzon,2,2,2
2021,10,2021-10-01,Grand Prix Polski w Toruniu,Toruniu,12,main,,Paweł Przedpełski,1,3,3
2021,10,2021-10-01,Grand Prix Polski w Toruniu,Toruniu,12,main,,Karol Żupiński,0,4,4
2021,10,2021-10-01,Grand Prix Polski w Toruniu,Toruniu,12,main,,Martin Vaculik,,x,5
2021,10,2021-10-01,Grand Prix Polski w Toruniu,Toruniu,13,main,,Bartosz Zmarzlik,3,1,1
2021,10,2021-10-01,Grand Prix Polski w Toruniu,Toruniu,13,main,,Krzysztof Kasprzak,2,2,2
2021,10,2021-10-01,Grand Prix Polski w Toruniu,Toruniu,13,main,,Robert Lambert,1,3,3
2021,10,2021-10-01,Grand Prix Polski w Toruniu,Toruniu,13,main,,Oliver Berntzon,0,4,4
2021,10,2021-10-01,Grand Prix Polski w Toruniu,Toruniu,14,main,,Leon Madsen,3,1,1
2021,10,2021-10-01,Grand Prix Polski w Toruniu,Toruniu,14,main,,Paweł Przedpełski,2,2,2
2021,10,2021-10-01,Grand Prix Polski w Toruniu,Toruniu,14,main,,Jason Doyle,1,3,3
2021,10,2021-10-01,Grand Prix Polski w Toruniu,Toruniu,14,main,,Matej Žagar,0,d,4
2021,10,2021-10-01,Grand Prix Polski w Toruniu,Toruniu,15,main,,Tai Woffinden,3,1,1
2021,10,2021-10-01,Grand Prix Polski w Toruniu,Toruniu,15,main,,Artiom Łaguta,2,2,2
2021,10,2021-10-01,Grand Prix Polski w Toruniu,Toruniu,15,main,,Anders Thomsen,1,3,3
2021,10,2021-10-01,Grand Prix Polski w Toruniu,Toruniu,15,main,,Maciej Janowski,0,4,4
2021,10,2021-10-01,Grand Prix Polski w Toruniu,Toruniu,16,main,,Emil Sajfutdinow,3,1,1
2021,10,2021-10-01,Grand Prix Polski w Toruniu,Toruniu,16,main,,Max Fricke,2,2,2
2021,10,2021-10-01,Grand Prix Polski w Toruniu,Toruniu,16,main,,Fredrik Lindgren,0,x,3
2021,10,2021-10-01,Grand Prix Polski w Toruniu,Toruniu,16,main,,Karol Żupiński,0,4,4
2021,10,2021-10-01,Grand Prix Polski w Toruniu,Toruniu,16,main,,Krzysztof Lewandowski,,x,5
2021,10,2021-10-01,Grand Prix Polski w Toruniu,Toruniu,17,main,,Leon Madsen,3,1,1
2021,10,2021-10-01,Grand Prix Polski w Toruniu,Toruniu,17,main,,Robert Lambert,2,2,2
2021,10,2021-10-01,Grand Prix Polski w Toruniu,Toruniu,17,main,,Emil Sajfutdinow,1,3,3
2021,10,2021-10-01,Grand Prix Polski w Toruniu,Toruniu,17,main,,Tai Woffinden,0,4,4
2021,10,2021-10-01,Grand Prix Polski w Toruniu,Toruniu,18,main,,Oliver Berntzon,3,1,1
2021,10,2021-10-01,Grand Prix Polski w Toruniu,Toruniu,18,main,,Anders Thomsen,2,2,2
2021,10,2021-10-01,Grand Prix Polski w Toruniu,Toruniu,18,main,,Fredrik Lindgren,1,3,3
2021,10,2021-10-01,Grand Prix Polski w Toruniu,Toruniu,18,main,,Matej Žagar,0,4,4
2021,10,2021-10-01,Grand Prix Polski w Toruniu,Toruniu,19,main,,Maciej Janowski,3,1,1
2021,10,2021-10-01,Grand Prix Polski w Toruniu,Toruniu,19,main,,Max Fricke,2,2,2
2021,10,2021-10-01,Grand Prix Polski w Toruniu,Toruniu,19,main,,Bartosz Zmarzlik,1,3,3
2021,10,2021-10-01,Grand Prix Polski w Toruniu,Toruniu,19,main,,Paweł Przedpełski,0,4,4
2021,10,2021-10-01,Grand Prix Polski w Toruniu,Toruniu,20,main,,Artiom Łaguta,3,1,1
2021,10,2021-10-01,Grand Prix Polski w Toruniu,Toruniu,20,main,,Jason Doyle,2,2,2
2021,10,2021-10-01,Grand Prix Polski w Toruniu,Toruniu,20,main,,Krzysztof Kasprzak,1,3,3
2021,10,2021-10-01,Grand Prix Polski w Toruniu,Toruniu,20,main,,Krzysztof Lewandowski,0,4,4
2021,10,2021-10-01,Grand Prix Polski w Toruniu,Toruniu,20,main,,Martin Vaculik,,x,5
2021,10,2021-10-01,Grand Prix Polski w Toruniu,Toruniu,21,semi,,Tai Woffinden,3,1,1
2021,10,2021-10-01,Grand Prix Polski w Toruniu,Toruniu,21,semi,,Maciej Janowski,2,2,2
2021,10,2021-10-01,Grand Prix Polski w Toruniu,Toruniu,21,semi,,Bartosz Zmarzlik,1,3,3
2021,10,2021-10-01,Grand Prix Polski w Toruniu,Toruniu,21,semi,,Max Fricke,0,4,4
2021,10,2021-10-01,Grand Prix Polski w Toruniu,Toruniu,22,semi,,Artiom Łaguta,3,1,1
2021,10,2021-10-01,Grand Prix Polski w Toruniu,Toruniu,22,semi,,Leon Madsen,2,2,2
2021,10,2021-10-01,Grand Prix Polski w Toruniu,Toruniu,22,semi,,Robert Lambert,1,3,3
2021,10,2021-10-01,Grand Prix Polski w Toruniu,Toruniu,22,semi,,Emil Sajfutdinow,0,4,4
2021,10,2021-10-01,Grand Prix Polski w Toruniu,Toruniu,23,final,,Artiom Łaguta,3,1,1
2021,10,2021-10-01,Grand Prix Polski w Toruniu,Toruniu,23,final,,Maciej Janowski,2,2,2
2021,10,2021-10-01,Grand Prix Polski w Toruniu,Toruniu,23,final,,Tai Woffinden,1,3,3
2021,10,2021-10-01,Grand Prix Polski w Toruniu,Toruniu,23,final,,Leon Madsen,0,4,4
2021,11,2021-10-02,Grand Prix Polski w Toruniu,Toruniu,1,main,,Emil Sajfutdinow,3,1,1
2021,11,2021-10-02,Grand Prix Polski w Toruniu,Toruniu,1,main,,Artiom Łaguta,2,2,2
2021,11,2021-10-02,Grand Prix Polski w Toruniu,Toruniu,1,main,,Krzysztof Kasprzak,1,3,3
2021,11,2021-10-02,Grand Prix Polski w Toruniu,Toruniu,1,main,,Anders Thomsen,0,4,4
2021,11,2021-10-02,Grand Prix Polski w Toruniu,Toruniu,2,main,,Robert Lambert,3,1,1
2021,11,2021-10-02,Grand Prix Polski w Toruniu,Toruniu,2,main,,Tai Woffinden,2,2,2
2021,11,2021-10-02,Grand Prix Polski w Toruniu,Toruniu,2,main,,Fredrik Lindgren,1,3,3
2021,11,2021-10-02,Grand Prix Polski w Toruniu,Toruniu,2,main,,Jaimon Lidsey,0,4,4
2021,11,2021-10-02,Grand Prix Polski w Toruniu,Toruniu,3,main,,Leon Madsen,3,1,1
2021,11,2021-10-02,Grand Prix Polski w Toruniu,Toruniu,3,main,,Oliver Berntzon,2,2,2
2021,11,2021-10-02,Grand Prix Polski w Toruniu,Toruniu,3,main,,Maciej Janowski,1,3,3
2021,11,2021-10-02,Grand Prix Polski w Toruniu,Toruniu,3,main,,Paweł Przedpełski,0,4,4
2021,11,2021-10-02,Grand Prix Polski w Toruniu,Toruniu,4,main,,Bartosz Zmarzlik,3,1,1
2021,11,2021-10-02,Grand Prix Polski w Toruniu,Toruniu,4,main,,Jason Doyle,2,2,2
2021,11,2021-10-02,Grand Prix Polski w Toruniu,Toruniu,4,main,,Matej Žagar,1,3,3
2021,11,2021-10-02,Grand Prix Polski w Toruniu,Toruniu,4,main,,Max Fricke,0,4,4
2021,11,2021-10-02,Grand Prix Polski w Toruniu,Toruniu,5,main,,Maciej Janowski,3,1,1
2021,11,2021-10-02,Grand Prix Polski w Toruniu,Toruniu,5,main,,Max Fricke,2,2,2
2021,11,2021-10-02,Grand Prix Polski w Toruniu,Toruniu,5,main,,Artiom Łaguta,1,3,3
2021,11,2021-10-02,Grand Prix Polski w Toruniu,Toruniu,5,main,,Tai Woffinden,0,4,4
2021,11,2021-10-02,Grand Prix Polski w Toruniu,Toruniu,6,main,,Emil Sajfutdinow,3,1,1
2021,11,2021-10-02,Grand Prix Polski w Toruniu,Toruniu,6,main,,Jason Doyle,2,2,2
2021,11,2021-10-02,Grand Prix Polski w Toruniu,Toruniu,6,main,,Oliver Berntzon,1,3,3
2021,11,2021-10-02,Grand Prix Polski w Toruniu,Toruniu,6,main,,Jaimon Lidsey,0,4,4
2021,11,2021-10-02,Grand Prix Polski w Toruniu,Toruniu,7,main,,Leon Madsen,3,1,1
2021,11,2021-10-02,Grand Prix Polski w Toruniu,Toruniu,7,main,,Robert Lambert,2,2,2
2021,11,2021-10-02,Grand Prix Polski w Toruniu,Toruniu,7,main,,Krzysztof Kasprzak,1,3,3
2021,11,2021-10-02,Grand Prix Polski w Toruniu,Toruniu,7,main,,Matej Žagar,0,4,4
2021,11,2021-10-02,Grand Prix Polski w Toruniu,Toruniu,8,main,,Paweł Przedpełski,3,1,1
2021,11,2021-10-02,Grand Prix Polski w Toruniu,Toruniu,8,main,,Bartosz Zmarzlik,2,2,2
2021,11,2021-10-02,Grand Prix Polski w Toruniu,Toruniu,8,main,,Anders Thomsen,1,3,3
2021,11,2021-10-02,Grand Prix Polski w Toruniu,Toruniu,8,main,,Fredrik Lindgren,0,d,4
2021,11,2021-10-02,Grand Prix Polski w Toruniu,Toruniu,9,main,,Leon Madsen,3,1,1
2021,11,2021-10-02,Grand Prix Polski w Toruniu,Toruniu,9,main,,Bartosz Zmarzlik,2,2,2
2021,11,2021-10-02,Grand Prix Polski w Toruniu,Toruniu,9,main,,Jaimon Lidsey,1,3,3
2021,11,2021-10-02,Grand Prix Polski w Toruniu,Toruniu,9,main,,Artiom Łaguta,0,4,4
2021,11,2021-10-02,Grand Prix Polski w Toruniu,Toruniu,10,main,,Tai Woffinden,3,1,1
2021,11,2021-10-02,Grand Prix Polski w Toruniu,Toruniu,10,main,,Emil Sajfutdinow,2,2,2
2021,11,2021-10-02,Grand Prix Polski w Toruniu,Toruniu,10,main,,Paweł Przedpełski,1,3,3
2021,11,2021-10-02,Grand Prix Polski w Toruniu,Toruniu,10,main,,Matej Žagar,0,4,4
2021,11,2021-10-02,Grand Prix Polski w Toruniu,Toruniu,11,main,,Maciej Janowski,3,1,1
2021,11,2021-10-02,Grand Prix Polski w Toruniu,Toruniu,11,main,,Fredrik Lindgren,2,2,2
2021,11,2021-10-02,Grand Prix Polski w Toruniu,Toruniu,11,main,,Jason Doyle,1,3,3
2021,11,2021-10-02,Grand Prix Polski w Toruniu,Toruniu,11,main,,Krzysztof Kasprzak,0,4,4
2021,11,2021-10-02,Grand Prix Polski w Toruniu,Toruniu,12,main,,Robert Lambert,3,1,1
2021,11,2021-10-02,Grand Prix Polski w Toruniu,Toruniu,12,main,,Max Fricke,2,2,2
2021,11,2021-10-02,Grand Prix Polski w Toruniu,Toruniu,12,main,,Anders Thomsen,1,3,3
2021,11,2021-10-02,Grand Prix Polski w Toruniu,Toruniu,12,main,,Oliver Berntzon,0,4,4
2021,11,2021-10-02,Grand Prix Polski w Toruniu,Toruniu,13,main,,Artiom Łaguta,3,1,1
2021,11,2021-10-02,Grand Prix Polski w Toruniu,Toruniu,13,main,,Robert Lambert,2,2,2
2021,11,2021-10-02,Grand Prix Polski w Toruniu,Toruniu,13,main,,Jason Doyle,1,3,3
2021,11,2021-10-02,Grand Prix Polski w Toruniu,Toruniu,13,main,,Paweł Przedpełski,0,4,4
2021,11,2021-10-02,Grand Prix Polski w Toruniu,Toruniu,14,main,,Emil Sajfutdinow,3,1,1
2021,11,2021-10-02,Grand Prix Polski w Toruniu,Toruniu,14,main,,Fredrik Lindgren,2,2,2
2021,11,2021-10-02,Grand Prix Polski w Toruniu,Toruniu,14,main,,Leon Madsen,1,3,3
2021,11,2021-10-02,Grand Prix Polski w Toruniu,Toruniu,14,main,,Max Fricke,0,4,4
2021,11,2021-10-02,Grand Prix Polski w Toruniu,Toruniu,15,main,,Bartosz Zmarzlik,3,1,1
2021,11,2021-10-02,Grand Prix Polski w Toruniu,Toruniu,15,main,,Tai Woffinden,2,2,2
2021,11,2021-10-02,Grand Prix Polski w Toruniu,Toruniu,15,main,,Oliver Berntzon,1,3,3
2021,11,2021-10-02,Grand Prix Polski w Toruniu,Toruniu,15,main,,Krzysztof Kasprzak,0,4,4
2021,11,2021-10-02,Grand Prix Polski w Toruniu,Toruniu,16,main,,Maciej Janowski,3,1,1
2021,11,2021-10-02,Grand Prix Polski w Toruniu,Toruniu,16,main,,Anders Thomsen,2,2,2
2021,11,2021-10-02,Grand Prix Polski w Toruniu,Toruniu,16,main,,Matej Žagar,1,3,3
2021,11,2021-10-02,Grand Prix Polski w Toruniu,Toruniu,16,main,,Jaimon Lidsey,0,4,4
2021,11,2021-10-02,Grand Prix Polski w Toruniu,Toruniu,17,main,,Artiom Łaguta,3,1,1
2021,11,2021-10-02,Grand Prix Polski w Toruniu,Toruniu,17,main,,Fredrik Lindgren,2,2,2
2021,11,2021-10-02,Grand Prix Polski w Toruniu,Toruniu,17,main,,Matej Žagar,1,3,3
2021,11,2021-10-02,Grand Prix Polski w Toruniu,Toruniu,17,main,,Oliver Berntzon,0,4,4
2021,11,2021-10-02,Grand Prix Polski w Toruniu,Toruniu,18,main,,Bartosz Zmarzlik,3,1,1
2021,11,2021-10-02,Grand Prix Polski w Toruniu,Toruniu,18,main,,Maciej Janowski,2,2,2
2021,11,2021-10-02,Grand Prix Polski w Toruniu,Toruniu,18,main,,Emil Sajfutdinow,1,3,3
2021,11,2021-10-02,Grand Prix Polski w Toruniu,Toruniu,18,main,,Robert Lambert,0,4,4
2021,11,2021-10-02,Grand Prix Polski w Toruniu,Toruniu,19,main,,Max Fricke,3,1,1
2021,11,2021-10-02,Grand Prix Polski w Toruniu,Toruniu,19,main,,Krzysztof Kasprzak,2,2,2
2021,11,2021-10-02,Grand Prix Polski w Toruniu,Toruniu,19,main,,Paweł Przedpełski,1,3,3
2021,11,2021-10-02,Grand Prix Polski w Toruniu,Toruniu,19,main,,Jaimon Lidsey,0,4,4
2021,11,2021-10-02,Grand Prix Polski w Toruniu,Toruniu,20,main,,Jason Doyle,3,1,1
2021,11,2021-10-02,Grand Prix Polski w Toruniu,Toruniu,20,main,,Anders Thomsen,2,2,2
2021,11,2021-10-02,Grand Prix Polski w Toruniu,Toruniu,20,main,,Tai Woffinden,1,3,3
2021,11,2021-10-02,Grand Prix Polski w Toruniu,Toruniu,20,main,,Leon Madsen,0,4,4
2021,11,2021-10-02,Grand Prix Polski w Toruniu,Toruniu,21,semi,,Artiom Łaguta,3,1,1
2021,11,2021-10-02,Grand Prix Polski w Toruniu,Toruniu,21,semi,,Bartosz Zmarzlik,2,2,2
2021,11,2021-10-02,Grand Prix Polski w Toruniu,Toruniu,21,semi,,Leon Madsen,1,3,3
2021,11,2021-10-02,Grand Prix Polski w Toruniu,Toruniu,21,semi,,Tai Woffinden,0,4,4
2021,11,2021-10-02,Grand Prix Polski w Toruniu,Toruniu,22,semi,,Maciej Janowski,3,1,1
2021,11,2021-10-02,Grand Prix Polski w Toruniu,Toruniu,22,semi,,Emil Sajfutdinow,2,2,2
2021,11,2021-10-02,Grand Prix Polski w Toruniu,Toruniu,22,semi,,Robert Lambert,1,3,3
2021,11,2021-10-02,Grand Prix Polski w Toruniu,Toruniu,22,semi,,Jason Doyle,0,4,4
2021,11,2021-10-02,Grand Prix Polski w Toruniu,Toruniu,23,final,,Bartosz Zmarzlik,3,1,1
2021,11,2021-10-02,Grand Prix Polski w Toruniu,Toruniu,23,final,,Emil Sajfutdinow,2,2,2
2021,11,2021-10-02,Grand Prix Polski w Toruniu,Toruniu,23,final,,Maciej Janowski,1,3,3
2021,11,2021-10-02,Grand Prix Polski w Toruniu,Toruniu,23,final,,Artiom Łaguta,0,4,4
